individu,chr,seuil,n_sites,h2,r,pval
IT_01_01,Fvb1,5,852876,0.920824,0.959596,0.0
IT_01_01,Fvb2,5,1023950,0.940687,0.96989,0.0
IT_01_01,Fvb3,5,1264268,0.920116,0.959227,0.0
IT_01_01,Fvb4,5,1170957,0.921869,0.96014,0.0
IT_01_01,Fvb5,5,1001550,0.922011,0.960214,0.0
IT_01_01,Fvb6,5,1329399,0.913047,0.955535,0.0
IT_01_01,Fvb7,5,798312,0.917041,0.957623,0.0
IT_01_01,contig_10,5,219,0.895243,0.946173,0.0
IT_01_01,contig_12,5,125,0.935065,0.966988,0.0
IT_01_01,contig_17,5,1562,0.817279,0.904035,0.0
IT_01_01,contig_2,5,959,0.452292,0.672527,0.0
IT_01_01,contig_21,5,1058,0.5203,0.721318,0.0
IT_01_01,contig_22,5,125,0.933511,0.966184,0.0
IT_01_01,contig_5,5,1429,0.834359,0.913433,0.0
IT_01_01,contig_6,5,2050,0.98122,0.990565,0.0
IT_01_01,contig_7,5,174,0.000101,-0.01007,0.895078
IT_01_01,contig_9,5,280,0.964206,0.98194,0.0
IT_01_03,Fvb1,5,651312,0.940008,0.96954,0.0
IT_01_03,Fvb2,5,734405,0.947259,0.973272,0.0
IT_01_03,Fvb3,5,969132,0.941069,0.970087,0.0
IT_01_03,Fvb4,5,935880,0.908489,0.953147,0.0
IT_01_03,Fvb5,5,751691,0.943814,0.971501,0.0
IT_01_03,Fvb6,5,996830,0.923035,0.960747,0.0
IT_01_03,Fvb7,5,582523,0.906968,0.952349,0.0
IT_01_03,contig_10,5,122,1.0,1.0,0.0
IT_01_03,contig_12,5,143,0.839326,0.916147,0.0
IT_01_03,contig_17,5,1499,0.831303,0.911758,0.0
IT_01_03,contig_2,5,963,0.682265,0.825993,0.0
IT_01_03,contig_21,5,948,0.537097,0.732869,0.0
IT_01_03,contig_22,5,123,0.803188,0.896208,0.0
IT_01_03,contig_3,5,182,0.446674,0.668337,0.0
IT_01_03,contig_5,5,1295,0.836444,0.914573,0.0
IT_01_03,contig_6,5,1569,0.979532,0.989713,0.0
IT_01_03,contig_7,5,129,0.115283,0.339534,8.3e-05
IT_01_03,contig_9,5,245,0.905222,0.951432,0.0
IT_01_05,Fvb1,5,944447,0.96584,0.982771,0.0
IT_01_05,Fvb2,5,1102333,0.965765,0.982734,0.0
IT_01_05,Fvb3,5,1380560,0.962643,0.981144,0.0
IT_01_05,Fvb4,5,1281976,0.964034,0.981852,0.0
IT_01_05,Fvb5,5,1095763,0.963453,0.981556,0.0
IT_01_05,Fvb6,5,1458696,0.93923,0.969139,0.0
IT_01_05,Fvb7,5,877430,0.930878,0.96482,0.0
IT_01_05,contig_10,5,310,0.868421,0.931891,0.0
IT_01_05,contig_12,5,195,0.919281,0.958791,0.0
IT_01_05,contig_16,5,117,0.739297,0.859824,0.0
IT_01_05,contig_17,5,1645,0.831868,0.912068,0.0
IT_01_05,contig_2,5,1095,0.820874,0.906021,0.0
IT_01_05,contig_21,5,1136,0.506499,0.711687,0.0
IT_01_05,contig_22,5,217,0.924487,0.961502,0.0
IT_01_05,contig_5,5,1606,0.79752,0.89304,0.0
IT_01_05,contig_6,5,2275,0.979853,0.989875,0.0
IT_01_05,contig_7,5,239,0.73393,0.856697,0.0
IT_01_05,contig_9,5,479,0.977102,0.988485,0.0
IT_01_06,Fvb1,5,736629,0.950018,0.974688,0.0
IT_01_06,Fvb2,5,837003,0.957318,0.978426,0.0
IT_01_06,Fvb3,5,1096354,0.951685,0.975543,0.0
IT_01_06,Fvb4,5,1045707,0.921723,0.960064,0.0
IT_01_06,Fvb5,5,851745,0.953894,0.976675,0.0
IT_01_06,Fvb6,5,1137188,0.93421,0.966545,0.0
IT_01_06,Fvb7,5,668502,0.919609,0.958963,0.0
IT_01_06,contig_10,5,148,0.902323,0.949907,0.0
IT_01_06,contig_12,5,128,0.71133,0.843404,0.0
IT_01_06,contig_17,5,1548,0.793725,0.890912,0.0
IT_01_06,contig_2,5,1007,0.776996,0.881474,0.0
IT_01_06,contig_21,5,1046,0.491165,0.700832,0.0
IT_01_06,contig_22,5,116,0.899145,0.948233,0.0
IT_01_06,contig_5,5,1420,0.861814,0.928339,0.0
IT_01_06,contig_6,5,1770,0.983701,0.991817,0.0
IT_01_06,contig_7,5,155,8.5e-05,-0.009213,0.909415
IT_01_06,contig_9,5,231,0.948555,0.973938,0.0
IT_02_01,Fvb1,5,939402,0.947775,0.973538,0.0
IT_02_01,Fvb2,5,1129540,0.970595,0.985188,0.0
IT_02_01,Fvb3,5,1417553,0.963439,0.981549,0.0
IT_02_01,Fvb4,5,1322056,0.936182,0.967565,0.0
IT_02_01,Fvb5,5,1104677,0.96756,0.983646,0.0
IT_02_01,Fvb6,5,1451701,0.969381,0.984571,0.0
IT_02_01,Fvb7,5,874610,0.965821,0.982762,0.0
IT_02_01,contig_10,5,292,0.943116,0.971142,0.0
IT_02_01,contig_12,5,137,0.942431,0.970789,0.0
IT_02_01,contig_17,5,1693,0.844632,0.919039,0.0
IT_02_01,contig_2,5,1117,0.615354,0.784445,0.0
IT_02_01,contig_21,5,1134,0.811999,0.90111,0.0
IT_02_01,contig_22,5,154,0.918317,0.958288,0.0
IT_02_01,contig_5,5,1559,0.908949,0.953388,0.0
IT_02_01,contig_6,5,2271,0.979806,0.989852,0.0
IT_02_01,contig_7,5,155,1.0,1.0,0.0
IT_02_01,contig_9,5,301,0.904382,0.95099,0.0
IT_02_03,Fvb1,5,944751,0.936379,0.967667,0.0
IT_02_03,Fvb2,5,1138084,0.926511,0.962555,0.0
IT_02_03,Fvb3,5,1414573,0.929707,0.964213,0.0
IT_02_03,Fvb4,5,1344089,0.936605,0.967784,0.0
IT_02_03,Fvb5,5,1120162,0.922336,0.960383,0.0
IT_02_03,Fvb6,5,1464822,0.923883,0.961188,0.0
IT_02_03,Fvb7,5,872643,0.920605,0.959482,0.0
IT_02_03,contig_10,5,354,0.976391,0.988125,0.0
IT_02_03,contig_12,5,171,0.927684,0.963164,0.0
IT_02_03,contig_17,5,1629,0.915635,0.956888,0.0
IT_02_03,contig_2,5,1081,0.845415,0.919465,0.0
IT_02_03,contig_21,5,1142,0.596728,0.772482,0.0
IT_02_03,contig_22,5,170,0.850911,0.922448,0.0
IT_02_03,contig_5,5,1540,0.87721,0.936595,0.0
IT_02_03,contig_6,5,2123,0.957747,0.978646,0.0
IT_02_03,contig_7,5,290,0.823711,0.907585,0.0
IT_02_03,contig_9,5,246,0.928117,0.963389,0.0
IT_02_05,Fvb1,5,931953,0.954078,0.976769,0.0
IT_02_05,Fvb2,5,1138888,0.940272,0.969676,0.0
IT_02_05,Fvb3,5,1441560,0.964279,0.981977,0.0
IT_02_05,Fvb4,5,1334675,0.965027,0.982358,0.0
IT_02_05,Fvb5,5,1118679,0.935298,0.967108,0.0
IT_02_05,Fvb6,5,1461489,0.962872,0.98126,0.0
IT_02_05,Fvb7,5,869850,0.936036,0.967489,0.0
IT_02_05,contig_10,5,220,0.93956,0.969309,0.0
IT_02_05,contig_12,5,176,1.0,1.0,0.0
IT_02_05,contig_17,5,1575,0.807118,0.898397,0.0
IT_02_05,contig_2,5,1123,0.943627,0.971405,0.0
IT_02_05,contig_21,5,1183,0.782134,0.884384,0.0
IT_02_05,contig_22,5,166,0.941521,0.97032,0.0
IT_02_05,contig_5,5,1293,0.713429,0.844647,0.0
IT_02_05,contig_6,5,2070,0.940075,0.969575,0.0
IT_02_05,contig_7,5,186,0.879937,0.938049,0.0
IT_02_05,contig_9,5,410,0.96883,0.984291,0.0
IT_02_07,Fvb1,5,877097,0.933111,0.965976,0.0
IT_02_07,Fvb2,5,1055717,0.923476,0.960977,0.0
IT_02_07,Fvb3,5,1308136,0.927929,0.963291,0.0
IT_02_07,Fvb4,5,1240772,0.935675,0.967303,0.0
IT_02_07,Fvb5,5,1041850,0.920747,0.959556,0.0
IT_02_07,Fvb6,5,1362177,0.921328,0.959858,0.0
IT_02_07,Fvb7,5,810536,0.918398,0.958331,0.0
IT_02_07,contig_10,5,328,0.825571,0.90861,0.0
IT_02_07,contig_12,5,161,0.899926,0.948644,0.0
IT_02_07,contig_17,5,1556,0.869895,0.932682,0.0
IT_02_07,contig_2,5,1027,0.79247,0.890208,0.0
IT_02_07,contig_21,5,1073,0.631418,0.794618,0.0
IT_02_07,contig_22,5,143,0.968967,0.984361,0.0
IT_02_07,contig_5,5,1400,0.863136,0.929051,0.0
IT_02_07,contig_6,5,1917,0.94221,0.970675,0.0
IT_02_07,contig_7,5,216,0.884024,0.940225,0.0
IT_02_07,contig_9,5,190,0.978261,0.989071,0.0
IT_03_01,Fvb1,5,832533,0.947667,0.973482,0.0
IT_03_01,Fvb2,5,1009681,0.941561,0.970341,0.0
IT_03_01,Fvb3,5,1240082,0.925648,0.962106,0.0
IT_03_01,Fvb4,5,1172004,0.925669,0.962117,0.0
IT_03_01,Fvb5,5,986747,0.954354,0.976911,0.0
IT_03_01,Fvb6,5,1341088,0.917748,0.957992,0.0
IT_03_01,Fvb7,5,786332,0.958122,0.978837,0.0
IT_03_01,contig_10,5,260,0.941441,0.970279,0.0
IT_03_01,contig_12,5,123,0.967589,0.983661,0.0
IT_03_01,contig_17,5,1450,0.637577,0.798484,0.0
IT_03_01,contig_2,5,1092,0.948462,0.97389,0.0
IT_03_01,contig_21,5,1097,0.865388,0.930263,0.0
IT_03_01,contig_22,5,146,1.0,1.0,0.0
IT_03_01,contig_5,5,1371,0.926967,0.962791,0.0
IT_03_01,contig_6,5,2068,0.975183,0.987513,0.0
IT_03_01,contig_9,5,182,0.955653,0.977575,0.0
IT_03_03,Fvb1,5,844605,0.924895,0.961714,0.0
IT_03_03,Fvb2,5,999166,0.914754,0.956428,0.0
IT_03_03,Fvb3,5,1257979,0.919336,0.95882,0.0
IT_03_03,Fvb4,5,1194987,0.929151,0.963925,0.0
IT_03_03,Fvb5,5,1002527,0.913326,0.955681,0.0
IT_03_03,Fvb6,5,1342612,0.913024,0.955523,0.0
IT_03_03,Fvb7,5,792753,0.910686,0.954299,0.0
IT_03_03,contig_10,5,208,0.932476,0.965648,0.0
IT_03_03,contig_12,5,121,0.903534,0.950544,0.0
IT_03_03,contig_17,5,1604,0.617671,0.785921,0.0
IT_03_03,contig_2,5,1027,0.870489,0.933,0.0
IT_03_03,contig_21,5,1107,0.623818,0.789821,0.0
IT_03_03,contig_22,5,146,0.864033,0.929534,0.0
IT_03_03,contig_5,5,1405,0.801482,0.895255,0.0
IT_03_03,contig_6,5,2090,0.957484,0.978511,0.0
IT_03_03,contig_7,5,244,0.161871,0.402333,0.0
IT_03_03,contig_9,5,308,0.983188,0.991558,0.0
IT_03_05,Fvb1,5,786494,0.92325,0.960859,0.0
IT_03_05,Fvb2,5,927259,0.912041,0.955008,0.0
IT_03_05,Fvb3,5,1193687,0.919213,0.958756,0.0
IT_03_05,Fvb4,5,1159957,0.930522,0.964635,0.0
IT_03_05,Fvb5,5,932164,0.915166,0.956643,0.0
IT_03_05,Fvb6,5,1240890,0.911247,0.954592,0.0
IT_03_05,Fvb7,5,736109,0.914894,0.956501,0.0
IT_03_05,contig_10,5,219,0.848806,0.921307,0.0
IT_03_05,contig_12,5,115,0.929761,0.964241,0.0
IT_03_05,contig_17,5,1674,0.759368,0.871417,0.0
IT_03_05,contig_2,5,1069,0.804717,0.89706,0.0
IT_03_05,contig_21,5,1061,0.815868,0.903254,0.0
IT_03_05,contig_22,5,140,0.971797,0.985798,0.0
IT_03_05,contig_5,5,1413,0.789073,0.888298,0.0
IT_03_05,contig_6,5,2023,0.942027,0.970581,0.0
IT_03_05,contig_7,5,219,0.866599,0.930913,0.0
IT_03_05,contig_9,5,162,0.951198,0.975294,0.0
IT_03_06,Fvb1,5,883031,0.937254,0.968119,0.0
IT_03_06,Fvb2,5,1056016,0.924544,0.961532,0.0
IT_03_06,Fvb3,5,1341706,0.927391,0.963011,0.0
IT_03_06,Fvb4,5,1259613,0.932931,0.965883,0.0
IT_03_06,Fvb5,5,1056661,0.925668,0.962116,0.0
IT_03_06,Fvb6,5,1381025,0.923165,0.960815,0.0
IT_03_06,Fvb7,5,831591,0.923454,0.960965,0.0
IT_03_06,contig_10,5,337,0.785952,0.886539,0.0
IT_03_06,contig_12,5,158,0.899398,0.948366,0.0
IT_03_06,contig_17,5,1636,0.939464,0.969259,0.0
IT_03_06,contig_2,5,1077,0.896678,0.946931,0.0
IT_03_06,contig_21,5,1134,0.79109,0.889433,0.0
IT_03_06,contig_22,5,160,0.974085,0.986957,0.0
IT_03_06,contig_5,5,1023,0.771083,0.878113,0.0
IT_03_06,contig_6,5,1946,0.953161,0.9763,0.0
IT_03_06,contig_7,5,392,0.911596,0.954775,0.0
IT_03_06,contig_9,5,404,0.943081,0.971123,0.0
IT_04_01,Fvb1,5,811841,0.95144,0.975418,0.0
IT_04_01,Fvb2,5,951556,0.921445,0.959919,0.0
IT_04_01,Fvb3,5,1198591,0.915031,0.956573,0.0
IT_04_01,Fvb4,5,1125185,0.958965,0.979268,0.0
IT_04_01,Fvb5,5,956642,0.956405,0.97796,0.0
IT_04_01,Fvb6,5,1269750,0.923357,0.960915,0.0
IT_04_01,Fvb7,5,752074,0.929666,0.964192,0.0
IT_04_01,contig_10,5,277,0.80095,0.894958,0.0
IT_04_01,contig_12,5,154,0.924951,0.961744,0.0
IT_04_01,contig_17,5,1629,0.889517,0.943142,0.0
IT_04_01,contig_2,5,1080,0.872383,0.934014,0.0
IT_04_01,contig_21,5,1024,0.662618,0.814013,0.0
IT_04_01,contig_22,5,134,0.858051,0.92631,0.0
IT_04_01,contig_5,5,1268,0.803681,0.896483,0.0
IT_04_01,contig_6,5,1975,0.926263,0.962426,0.0
IT_04_01,contig_7,5,163,0.759329,0.871395,0.0
IT_04_01,contig_9,5,431,0.957493,0.978516,0.0
IT_04_03,Fvb1,5,888039,0.929429,0.964069,0.0
IT_04_03,Fvb2,5,1034344,0.924489,0.961503,0.0
IT_04_03,Fvb3,5,1315194,0.922068,0.960243,0.0
IT_04_03,Fvb4,5,1270368,0.933292,0.96607,0.0
IT_04_03,Fvb5,5,1051544,0.922782,0.960616,0.0
IT_04_03,Fvb6,5,1398999,0.919991,0.959162,0.0
IT_04_03,Fvb7,5,831979,0.92182,0.960115,0.0
IT_04_03,contig_10,5,315,0.929478,0.964094,0.0
IT_04_03,contig_12,5,159,0.974762,0.9873,0.0
IT_04_03,contig_14,5,122,6.8e-05,-0.008264,0.928012
IT_04_03,contig_17,5,1642,0.788474,0.88796,0.0
IT_04_03,contig_2,5,1051,0.388152,0.623019,0.0
IT_04_03,contig_21,5,1053,0.490322,0.70023,0.0
IT_04_03,contig_22,5,140,0.941004,0.970053,0.0
IT_04_03,contig_5,5,1074,0.725377,0.851691,0.0
IT_04_03,contig_6,5,2202,0.969404,0.984583,0.0
IT_04_03,contig_7,5,220,0.812698,0.901498,0.0
IT_04_03,contig_9,5,254,0.981329,0.990621,0.0
IT_04_05,Fvb1,5,918977,0.965265,0.982479,0.0
IT_04_05,Fvb2,5,1069894,0.966779,0.983249,0.0
IT_04_05,Fvb3,5,1349471,0.968193,0.983968,0.0
IT_04_05,Fvb4,5,1308449,0.950434,0.974902,0.0
IT_04_05,Fvb5,5,1077103,0.961115,0.980365,0.0
IT_04_05,Fvb6,5,1419729,0.958847,0.979207,0.0
IT_04_05,Fvb7,5,845148,0.951917,0.975663,0.0
IT_04_05,contig_10,5,231,1.0,1.0,0.0
IT_04_05,contig_12,5,155,0.826076,0.908887,0.0
IT_04_05,contig_16,5,100,0.861468,0.928153,0.0
IT_04_05,contig_17,5,1688,0.75315,0.867842,0.0
IT_04_05,contig_2,5,1148,0.919465,0.958887,0.0
IT_04_05,contig_21,5,1084,0.657837,0.811072,0.0
IT_04_05,contig_22,5,175,0.887282,0.941956,0.0
IT_04_05,contig_5,5,1494,0.852542,0.923332,0.0
IT_04_05,contig_6,5,2225,0.968181,0.983962,0.0
IT_04_05,contig_7,5,244,0.632334,0.795194,0.0
IT_04_05,contig_9,5,502,0.94556,0.972399,0.0
IT_04_06,Fvb1,5,735284,0.919496,0.958904,0.0
IT_04_06,Fvb2,5,856182,0.915508,0.956822,0.0
IT_04_06,Fvb3,5,1083838,0.911034,0.954481,0.0
IT_04_06,Fvb4,5,1028467,0.927231,0.962928,0.0
IT_04_06,Fvb5,5,862327,0.913613,0.955831,0.0
IT_04_06,Fvb6,5,1142917,0.911092,0.954511,0.0
IT_04_06,Fvb7,5,678307,0.910566,0.954236,0.0
IT_04_06,contig_10,5,349,0.901355,0.949397,0.0
IT_04_06,contig_12,5,164,0.950994,0.975189,0.0
IT_04_06,contig_16,5,107,0.634364,0.79647,0.0
IT_04_06,contig_17,5,1618,0.837427,0.91511,0.0
IT_04_06,contig_2,5,1053,0.875401,0.935628,0.0
IT_04_06,contig_21,5,938,0.7836,0.885212,0.0
IT_04_06,contig_22,5,139,0.970069,0.984921,0.0
IT_04_06,contig_5,5,1184,0.79705,0.892776,0.0
IT_04_06,contig_6,5,1785,0.941477,0.970297,0.0
IT_04_06,contig_7,5,256,0.830871,0.911522,0.0
IT_04_06,contig_9,5,368,0.936234,0.967592,0.0
IT_05_01,Fvb1,5,901380,0.920033,0.959184,0.0
IT_05_01,Fvb2,5,1084179,0.914854,0.95648,0.0
IT_05_01,Fvb3,5,1346427,0.920778,0.959572,0.0
IT_05_01,Fvb4,5,1251747,0.921832,0.960121,0.0
IT_05_01,Fvb5,5,1059849,0.912336,0.955163,0.0
IT_05_01,Fvb6,5,1399271,0.90983,0.95385,0.0
IT_05_01,Fvb7,5,825085,0.91038,0.954138,0.0
IT_05_01,contig_10,5,323,0.980814,0.99036,0.0
IT_05_01,contig_12,5,194,0.954921,0.977201,0.0
IT_05_01,contig_17,5,1661,0.890833,0.94384,0.0
IT_05_01,contig_2,5,1103,0.89463,0.945849,0.0
IT_05_01,contig_21,5,1135,0.65057,0.806579,0.0
IT_05_01,contig_22,5,163,0.914083,0.956077,0.0
IT_05_01,contig_5,5,1078,0.679609,0.824384,0.0
IT_05_01,contig_6,5,1757,0.921747,0.960076,0.0
IT_05_01,contig_7,5,224,0.920367,0.959358,0.0
IT_05_01,contig_9,5,452,0.986606,0.99328,0.0
IT_05_03,Fvb1,5,837263,0.937448,0.968219,0.0
IT_05_03,Fvb2,5,1019632,0.929164,0.963931,0.0
IT_05_03,Fvb3,5,1240763,0.914907,0.956508,0.0
IT_05_03,Fvb4,5,1177852,0.965656,0.982678,0.0
IT_05_03,Fvb5,5,981044,0.915937,0.957046,0.0
IT_05_03,Fvb6,5,1313694,0.950295,0.974831,0.0
IT_05_03,Fvb7,5,770492,0.937564,0.968279,0.0
IT_05_03,contig_10,5,366,0.979859,0.989878,0.0
IT_05_03,contig_12,5,165,0.903419,0.950484,0.0
IT_05_03,contig_17,5,1614,0.808909,0.899394,0.0
IT_05_03,contig_2,5,1039,0.073654,0.271393,0.0
IT_05_03,contig_21,5,1018,0.746521,0.864014,0.0
IT_05_03,contig_22,5,135,0.845803,0.919676,0.0
IT_05_03,contig_5,5,582,0.901313,0.949375,0.0
IT_05_03,contig_6,5,1873,0.896271,0.946716,0.0
IT_05_03,contig_7,5,237,0.975496,0.987672,0.0
IT_05_03,contig_9,5,219,0.941506,0.970313,0.0
IT_05_05,Fvb1,5,957905,0.963684,0.981674,0.0
IT_05_05,Fvb2,5,1111740,0.971271,0.985531,0.0
IT_05_05,Fvb3,5,1447934,0.966381,0.983047,0.0
IT_05_05,Fvb4,5,1363825,0.965847,0.982775,0.0
IT_05_05,Fvb5,5,1109688,0.950792,0.975086,0.0
IT_05_05,Fvb6,5,1499382,0.967972,0.983855,0.0
IT_05_05,Fvb7,5,876820,0.933252,0.96605,0.0
IT_05_05,contig_10,5,264,0.970048,0.98491,0.0
IT_05_05,contig_12,5,168,1.0,1.0,0.0
IT_05_05,contig_17,5,1711,0.879389,0.937758,0.0
IT_05_05,contig_2,5,1134,0.862887,0.928917,0.0
IT_05_05,contig_21,5,1142,0.632687,0.795416,0.0
IT_05_05,contig_22,5,192,0.909632,0.953746,0.0
IT_05_05,contig_5,5,820,0.856007,0.925206,0.0
IT_05_05,contig_6,5,2370,0.986226,0.993089,0.0
IT_05_05,contig_7,5,289,0.909957,0.953916,0.0
IT_05_05,contig_8,5,112,1.0,1.0,0.0
IT_05_05,contig_9,5,442,0.928859,0.963773,0.0
IT_05_06,Fvb1,5,869135,0.930657,0.964706,0.0
IT_05_06,Fvb2,5,1040725,0.923571,0.961026,0.0
IT_05_06,Fvb3,5,1292207,0.958646,0.979105,0.0
IT_05_06,Fvb4,5,1233541,0.965039,0.982364,0.0
IT_05_06,Fvb5,5,1023030,0.953062,0.976249,0.0
IT_05_06,Fvb6,5,1362941,0.949649,0.9745,0.0
IT_05_06,Fvb7,5,794540,0.931031,0.9649,0.0
IT_05_06,contig_10,5,372,0.954835,0.977157,0.0
IT_05_06,contig_12,5,208,0.978623,0.989254,0.0
IT_05_06,contig_16,5,106,0.854789,0.924548,0.0
IT_05_06,contig_17,5,1632,0.815809,0.903221,0.0
IT_05_06,contig_2,5,1071,0.921264,0.959825,0.0
IT_05_06,contig_21,5,1021,0.39956,0.632108,0.0
IT_05_06,contig_22,5,176,0.86727,0.931273,0.0
IT_05_06,contig_5,5,622,0.90044,0.948915,0.0
IT_05_06,contig_6,5,1927,0.903967,0.950772,0.0
IT_05_06,contig_7,5,422,0.966744,0.983232,0.0
IT_05_06,contig_9,5,312,0.983529,0.99173,0.0
IT_06_01,Fvb1,5,805079,0.913935,0.956,0.0
IT_06_01,Fvb2,5,966387,0.912062,0.955019,0.0
IT_06_01,Fvb3,5,1181934,0.913601,0.955825,0.0
IT_06_01,Fvb4,5,1139978,0.925268,0.961909,0.0
IT_06_01,Fvb5,5,940006,0.91097,0.954448,0.0
IT_06_01,Fvb6,5,1264977,0.911461,0.954705,0.0
IT_06_01,Fvb7,5,744317,0.906856,0.95229,0.0
IT_06_01,contig_10,5,215,0.869509,0.932475,0.0
IT_06_01,contig_12,5,109,0.792267,0.890094,0.0
IT_06_01,contig_17,5,1619,0.903102,0.950317,0.0
IT_06_01,contig_2,5,1009,0.845788,0.919667,0.0
IT_06_01,contig_21,5,953,0.573791,0.75749,0.0
IT_06_01,contig_22,5,106,0.922686,0.960565,0.0
IT_06_01,contig_5,5,489,0.877592,0.936799,0.0
IT_06_01,contig_6,5,1721,0.942361,0.970753,0.0
IT_06_01,contig_7,5,161,0.672253,0.819911,0.0
IT_06_01,contig_9,5,266,0.938346,0.968683,0.0
IT_06_02,Fvb1,5,960266,0.960286,0.979942,0.0
IT_06_02,Fvb2,5,1126264,0.963074,0.981363,0.0
IT_06_02,Fvb3,5,1409456,0.963292,0.981474,0.0
IT_06_02,Fvb4,5,1338948,0.967353,0.983541,0.0
IT_06_02,Fvb5,5,1106940,0.96159,0.980607,0.0
IT_06_02,Fvb6,5,1460460,0.936791,0.96788,0.0
IT_06_02,Fvb7,5,857010,0.955125,0.977305,0.0
IT_06_02,contig_10,5,327,0.980413,0.990158,0.0
IT_06_02,contig_12,5,223,0.960356,0.979977,0.0
IT_06_02,contig_17,5,1614,0.782816,0.884769,0.0
IT_06_02,contig_2,5,1149,0.988077,0.994021,0.0
IT_06_02,contig_21,5,1075,0.825023,0.908308,0.0
IT_06_02,contig_22,5,175,0.94864,0.973982,0.0
IT_06_02,contig_5,5,793,0.918423,0.958344,0.0
IT_06_02,contig_6,5,1881,0.981931,0.990924,0.0
IT_06_02,contig_7,5,305,0.979839,0.989868,0.0
IT_06_02,contig_8,5,106,1.0,1.0,0.0
IT_06_02,contig_9,5,449,1.0,1.0,0.0
IT_06_04,Fvb1,5,752120,0.913464,0.955753,0.0
IT_06_04,Fvb2,5,893394,0.90807,0.952927,0.0
IT_06_04,Fvb3,5,1128930,0.9187,0.958488,0.0
IT_06_04,Fvb4,5,1053100,0.919451,0.95888,0.0
IT_06_04,Fvb5,5,882684,0.907539,0.952648,0.0
IT_06_04,Fvb6,5,1180677,0.908015,0.952898,0.0
IT_06_04,Fvb7,5,691605,0.900097,0.948734,0.0
IT_06_04,contig_10,5,301,0.908876,0.95335,0.0
IT_06_04,contig_12,5,146,0.918322,0.958291,0.0
IT_06_04,contig_17,5,1528,0.793916,0.89102,0.0
IT_06_04,contig_2,5,1047,0.885667,0.941099,0.0
IT_06_04,contig_21,5,888,0.459069,0.677547,0.0
IT_06_04,contig_22,5,144,0.938477,0.96875,0.0
IT_06_04,contig_5,5,762,0.699357,0.836276,0.0
IT_06_04,contig_6,5,1595,0.879688,0.937917,0.0
IT_06_04,contig_7,5,201,0.777751,0.881902,0.0
IT_06_04,contig_9,5,383,0.984252,0.992095,0.0
IT_06_06,Fvb1,5,905866,0.962335,0.980987,0.0
IT_06_06,Fvb2,5,1088660,0.93724,0.968111,0.0
IT_06_06,Fvb3,5,1375523,0.969056,0.984406,0.0
IT_06_06,Fvb4,5,1323792,0.970459,0.985119,0.0
IT_06_06,Fvb5,5,1052603,0.967115,0.98342,0.0
IT_06_06,Fvb6,5,1412485,0.936158,0.967552,0.0
IT_06_06,Fvb7,5,844049,0.963414,0.981537,0.0
IT_06_06,contig_10,5,323,0.89404,0.945537,0.0
IT_06_06,contig_12,5,193,0.956658,0.978089,0.0
IT_06_06,contig_16,5,136,0.830167,0.911135,0.0
IT_06_06,contig_17,5,1561,0.687836,0.829359,0.0
IT_06_06,contig_2,5,1099,0.65859,0.811535,0.0
IT_06_06,contig_21,5,1127,0.879924,0.938043,0.0
IT_06_06,contig_22,5,186,0.951981,0.975695,0.0
IT_06_06,contig_4,5,111,0.765334,0.874834,0.0
IT_06_06,contig_5,5,665,0.94405,0.971622,0.0
IT_06_06,contig_6,5,1837,0.930523,0.964636,0.0
IT_06_06,contig_7,5,264,0.874626,0.935214,0.0
IT_06_06,contig_9,5,285,0.950783,0.975081,0.0
IT_07_02,Fvb1,5,757151,0.919502,0.958907,0.0
IT_07_02,Fvb2,5,915344,0.906415,0.952058,0.0
IT_07_02,Fvb3,5,1137502,0.910093,0.953988,0.0
IT_07_02,Fvb4,5,1090179,0.922805,0.960627,0.0
IT_07_02,Fvb5,5,910378,0.907791,0.95278,0.0
IT_07_02,Fvb6,5,1201032,0.9071,0.952418,0.0
IT_07_02,Fvb7,5,725169,0.907007,0.952369,0.0
IT_07_02,contig_10,5,339,0.8906,0.943716,0.0
IT_07_02,contig_12,5,162,0.948727,0.974026,0.0
IT_07_02,contig_17,5,1273,0.642101,0.801312,0.0
IT_07_02,contig_2,5,1072,0.819154,0.905071,0.0
IT_07_02,contig_21,5,924,0.555204,0.74512,0.0
IT_07_02,contig_22,5,158,0.893531,0.945268,0.0
IT_07_02,contig_5,5,563,0.832838,0.912599,0.0
IT_07_02,contig_6,5,1681,0.945906,0.972577,0.0
IT_07_02,contig_7,5,212,0.891788,0.944345,0.0
IT_07_02,contig_9,5,235,0.98117,0.99054,0.0
IT_07_04,Fvb1,5,732277,0.925725,0.962146,0.0
IT_07_04,Fvb2,5,891132,0.91879,0.958536,0.0
IT_07_04,Fvb3,5,1105303,0.915766,0.956956,0.0
IT_07_04,Fvb4,5,1050949,0.962037,0.980835,0.0
IT_07_04,Fvb5,5,871526,0.916855,0.957525,0.0
IT_07_04,Fvb6,5,1160001,0.911824,0.954895,0.0
IT_07_04,Fvb7,5,691113,0.948685,0.974005,0.0
IT_07_04,contig_10,5,337,0.929097,0.963897,0.0
IT_07_04,contig_12,5,174,0.9276,0.96312,0.0
IT_07_04,contig_17,5,1562,0.907636,0.952699,0.0
IT_07_04,contig_2,5,1059,0.573232,0.757121,0.0
IT_07_04,contig_21,5,861,0.949754,0.974553,0.0
IT_07_04,contig_22,5,156,0.971698,0.985747,0.0
IT_07_04,contig_5,5,458,0.880291,0.938238,0.0
IT_07_04,contig_6,5,1742,0.903146,0.95034,0.0
IT_07_04,contig_7,5,293,0.949725,0.974538,0.0
IT_07_04,contig_9,5,275,0.913512,0.955778,0.0
IT_07_05,Fvb1,5,802632,0.925564,0.962062,0.0
IT_07_05,Fvb2,5,988424,0.917457,0.95784,0.0
IT_07_05,Fvb3,5,1220476,0.959548,0.979565,0.0
IT_07_05,Fvb4,5,1141664,0.928874,0.963781,0.0
IT_07_05,Fvb5,5,972165,0.952442,0.975931,0.0
IT_07_05,Fvb6,5,1285835,0.922355,0.960393,0.0
IT_07_05,Fvb7,5,766108,0.91187,0.954919,0.0
IT_07_05,contig_10,5,327,0.816602,0.90366,0.0
IT_07_05,contig_12,5,178,1.0,1.0,0.0
IT_07_05,contig_17,5,1638,0.884472,0.940464,0.0
IT_07_05,contig_2,5,1055,0.632641,0.795387,0.0
IT_07_05,contig_21,5,985,0.698965,0.836041,0.0
IT_07_05,contig_22,5,164,0.946944,0.97311,0.0
IT_07_05,contig_5,5,1023,0.695796,0.834144,0.0
IT_07_05,contig_6,5,1689,0.950853,0.975117,0.0
IT_07_05,contig_7,5,297,0.86725,0.931263,0.0
IT_07_05,contig_9,5,343,0.967355,0.983542,0.0
IT_07_07,Fvb1,5,853307,0.921966,0.960191,0.0
IT_07_07,Fvb2,5,1020355,0.909507,0.953681,0.0
IT_07_07,Fvb3,5,1281008,0.916362,0.957268,0.0
IT_07_07,Fvb4,5,1204887,0.925827,0.962199,0.0
IT_07_07,Fvb5,5,1013554,0.910296,0.954095,0.0
IT_07_07,Fvb6,5,1338839,0.911505,0.954727,0.0
IT_07_07,Fvb7,5,807863,0.912084,0.955031,0.0
IT_07_07,contig_10,5,323,0.907541,0.95265,0.0
IT_07_07,contig_12,5,153,0.947906,0.973605,0.0
IT_07_07,contig_17,5,1678,0.433381,0.658317,0.0
IT_07_07,contig_2,5,1083,0.54412,0.737645,0.0
IT_07_07,contig_21,5,1020,0.508468,0.713069,0.0
IT_07_07,contig_22,5,106,1.0,1.0,0.0
IT_07_07,contig_5,5,981,0.716175,0.846271,0.0
IT_07_07,contig_6,5,2146,0.950463,0.974917,0.0
IT_07_07,contig_7,5,284,0.838097,0.915476,0.0
IT_07_07,contig_9,5,242,0.940457,0.969772,0.0
IT_01_01,Fvb1,10,610855,0.915442,0.956787,0.0
IT_01_01,Fvb2,10,739869,0.938659,0.968844,0.0
IT_01_01,Fvb3,10,893478,0.915887,0.95702,0.0
IT_01_01,Fvb4,10,812495,0.918086,0.958168,0.0
IT_01_01,Fvb5,10,725382,0.915505,0.95682,0.0
IT_01_01,Fvb6,10,964579,0.906942,0.952335,0.0
IT_01_01,Fvb7,10,584907,0.909877,0.953875,0.0
IT_01_01,contig_10,10,154,0.832339,0.912326,0.0
IT_01_01,contig_12,10,106,0.920301,0.959323,0.0
IT_01_01,contig_17,10,1408,0.829068,0.910532,0.0
IT_01_01,contig_2,10,824,0.52275,0.723014,0.0
IT_01_01,contig_21,10,767,0.514611,0.717364,0.0
IT_01_01,contig_5,10,1033,0.841216,0.917178,0.0
IT_01_01,contig_6,10,1596,0.973015,0.986415,0.0
IT_01_01,contig_9,10,189,0.956075,0.977791,0.0
IT_01_03,Fvb1,10,421660,0.936712,0.967839,0.0
IT_01_03,Fvb2,10,465650,0.94339,0.971283,0.0
IT_01_03,Fvb3,10,623656,0.937357,0.968172,0.0
IT_01_03,Fvb4,10,601114,0.903965,0.950771,0.0
IT_01_03,Fvb5,10,486115,0.94061,0.96985,0.0
IT_01_03,Fvb6,10,634301,0.918796,0.958538,0.0
IT_01_03,Fvb7,10,367993,0.90387,0.950721,0.0
IT_01_03,contig_17,10,1290,0.850785,0.92238,0.0
IT_01_03,contig_2,10,875,0.513212,0.716388,0.0
IT_01_03,contig_21,10,708,0.505349,0.710879,0.0
IT_01_03,contig_3,10,113,0.474447,0.688801,0.0
IT_01_03,contig_5,10,936,0.811736,0.900964,0.0
IT_01_03,contig_6,10,1036,0.973073,0.986444,0.0
IT_01_03,contig_9,10,182,0.876415,0.93617,0.0
IT_01_05,Fvb1,10,821436,0.965195,0.982443,0.0
IT_01_05,Fvb2,10,963711,0.965187,0.98244,0.0
IT_01_05,Fvb3,10,1188471,0.962034,0.980833,0.0
IT_01_05,Fvb4,10,1094168,0.963316,0.981486,0.0
IT_01_05,Fvb5,10,959054,0.962732,0.981189,0.0
IT_01_05,Fvb6,10,1268781,0.937633,0.968315,0.0
IT_01_05,Fvb7,10,762786,0.927561,0.9631,0.0
IT_01_05,contig_10,10,237,0.886576,0.941582,0.0
IT_01_05,contig_12,10,175,0.9553,0.977395,0.0
IT_01_05,contig_17,10,1533,0.815971,0.903311,0.0
IT_01_05,contig_2,10,1007,0.822917,0.907148,0.0
IT_01_05,contig_21,10,1036,0.45489,0.674455,0.0
IT_01_05,contig_22,10,162,0.923076,0.960768,0.0
IT_01_05,contig_5,10,1382,0.811781,0.900989,0.0
IT_01_05,contig_6,10,1993,0.977598,0.988736,0.0
IT_01_05,contig_7,10,153,0.740291,0.860401,0.0
IT_01_05,contig_9,10,369,0.985245,0.992595,0.0
IT_01_06,Fvb1,10,512083,0.948422,0.97387,0.0
IT_01_06,Fvb2,10,574428,0.956278,0.977895,0.0
IT_01_06,Fvb3,10,760246,0.950543,0.974958,0.0
IT_01_06,Fvb4,10,719897,0.918087,0.958168,0.0
IT_01_06,Fvb5,10,594890,0.952754,0.976091,0.0
IT_01_06,Fvb6,10,784603,0.93155,0.965168,0.0
IT_01_06,Fvb7,10,459933,0.917561,0.957894,0.0
IT_01_06,contig_10,10,106,0.869541,0.932492,0.0
IT_01_06,contig_12,10,104,0.625,0.790569,0.0
IT_01_06,contig_17,10,1368,0.822239,0.906774,0.0
IT_01_06,contig_2,10,892,0.618188,0.786249,0.0
IT_01_06,contig_21,10,814,0.457503,0.67639,0.0
IT_01_06,contig_5,10,1098,0.863195,0.929083,0.0
IT_01_06,contig_6,10,1321,0.981205,0.990558,0.0
IT_01_06,contig_9,10,194,0.979588,0.989741,0.0
IT_02_01,Fvb1,10,827368,0.946551,0.972909,0.0
IT_02_01,Fvb2,10,1002100,0.970759,0.985271,0.0
IT_02_01,Fvb3,10,1237195,0.963315,0.981486,0.0
IT_02_01,Fvb4,10,1144878,0.934671,0.966784,0.0
IT_02_01,Fvb5,10,978440,0.967218,0.983473,0.0
IT_02_01,Fvb6,10,1288222,0.969568,0.984666,0.0
IT_02_01,Fvb7,10,777718,0.965167,0.982429,0.0
IT_02_01,contig_10,10,215,0.924023,0.961261,0.0
IT_02_01,contig_12,10,120,0.933555,0.966207,0.0
IT_02_01,contig_17,10,1616,0.843966,0.918676,0.0
IT_02_01,contig_2,10,1037,0.670612,0.818909,0.0
IT_02_01,contig_21,10,1036,0.795377,0.891839,0.0
IT_02_01,contig_22,10,131,0.934533,0.966712,0.0
IT_02_01,contig_5,10,1288,0.94489,0.972055,0.0
IT_02_01,contig_6,10,1950,0.977672,0.988773,0.0
IT_02_01,contig_7,10,109,1.0,1.0,0.0
IT_02_01,contig_9,10,234,0.923977,0.961237,0.0
IT_02_03,Fvb1,10,830054,0.934089,0.966483,0.0
IT_02_03,Fvb2,10,1005326,0.923942,0.961219,0.0
IT_02_03,Fvb3,10,1230386,0.928161,0.963411,0.0
IT_02_03,Fvb4,10,1166731,0.936212,0.967581,0.0
IT_02_03,Fvb5,10,987534,0.919798,0.959061,0.0
IT_02_03,Fvb6,10,1290248,0.921711,0.960058,0.0
IT_02_03,Fvb7,10,768664,0.917688,0.95796,0.0
IT_02_03,contig_10,10,315,0.971467,0.98563,0.0
IT_02_03,contig_12,10,137,0.913374,0.955706,0.0
IT_02_03,contig_17,10,1536,0.893909,0.945468,0.0
IT_02_03,contig_2,10,980,0.796388,0.892406,0.0
IT_02_03,contig_21,10,1036,0.50314,0.709323,0.0
IT_02_03,contig_22,10,145,0.855692,0.925036,0.0
IT_02_03,contig_5,10,1283,0.899157,0.948239,0.0
IT_02_03,contig_6,10,1796,0.945005,0.972114,0.0
IT_02_03,contig_7,10,181,0.85518,0.924759,0.0
IT_02_03,contig_9,10,133,0.886567,0.941577,0.0
IT_02_05,Fvb1,10,824140,0.953156,0.976297,0.0
IT_02_05,Fvb2,10,1015296,0.938938,0.968988,0.0
IT_02_05,Fvb3,10,1271821,0.964881,0.982283,0.0
IT_02_05,Fvb4,10,1172619,0.965394,0.982545,0.0
IT_02_05,Fvb5,10,993723,0.933675,0.966269,0.0
IT_02_05,Fvb6,10,1306625,0.963055,0.981354,0.0
IT_02_05,Fvb7,10,771424,0.933881,0.966375,0.0
IT_02_05,contig_10,10,124,0.938431,0.968726,0.0
IT_02_05,contig_12,10,117,1.0,1.0,0.0
IT_02_05,contig_17,10,1379,0.776245,0.881048,0.0
IT_02_05,contig_2,10,1057,0.934671,0.966784,0.0
IT_02_05,contig_21,10,1071,0.706444,0.840502,0.0
IT_02_05,contig_22,10,132,0.931378,0.965079,0.0
IT_02_05,contig_5,10,966,0.718809,0.847826,0.0
IT_02_05,contig_6,10,1844,0.942236,0.970688,0.0
IT_02_05,contig_7,10,136,0.881386,0.938821,0.0
IT_02_05,contig_9,10,334,0.981604,0.990759,0.0
IT_02_07,Fvb1,10,661143,0.928617,0.963648,0.0
IT_02_07,Fvb2,10,800559,0.919013,0.958652,0.0
IT_02_07,Fvb3,10,976875,0.923754,0.961121,0.0
IT_02_07,Fvb4,10,921330,0.933809,0.966338,0.0
IT_02_07,Fvb5,10,792433,0.916489,0.957334,0.0
IT_02_07,Fvb6,10,1039683,0.916903,0.957551,0.0
IT_02_07,Fvb7,10,618917,0.913233,0.955632,0.0
IT_02_07,contig_10,10,268,0.929622,0.964169,0.0
IT_02_07,contig_12,10,125,0.905956,0.951817,0.0
IT_02_07,contig_17,10,1413,0.86959,0.932518,0.0
IT_02_07,contig_2,10,901,0.754886,0.868842,0.0
IT_02_07,contig_21,10,804,0.562931,0.750288,0.0
IT_02_07,contig_22,10,108,1.0,1.0,0.0
IT_02_07,contig_5,10,1004,0.871965,0.933791,0.0
IT_02_07,contig_6,10,1575,0.935917,0.967428,0.0
IT_02_07,contig_7,10,127,0.94554,0.972389,0.0
IT_02_07,contig_9,10,134,0.970575,0.985178,0.0
IT_03_01,Fvb1,10,589323,0.943842,0.971515,0.0
IT_03_01,Fvb2,10,715620,0.938132,0.968572,0.0
IT_03_01,Fvb3,10,866782,0.921489,0.959942,0.0
IT_03_01,Fvb4,10,807332,0.922565,0.960502,0.0
IT_03_01,Fvb5,10,707663,0.952444,0.975932,0.0
IT_03_01,Fvb6,10,958048,0.913288,0.955661,0.0
IT_03_01,Fvb7,10,571674,0.956045,0.977776,0.0
IT_03_01,contig_10,10,201,0.920333,0.95934,0.0
IT_03_01,contig_12,10,101,0.960792,0.9802,0.0
IT_03_01,contig_17,10,1136,0.697046,0.834893,0.0
IT_03_01,contig_2,10,1011,0.950478,0.974924,0.0
IT_03_01,contig_21,10,865,0.840668,0.91688,0.0
IT_03_01,contig_22,10,100,1.0,1.0,0.0
IT_03_01,contig_5,10,940,0.962766,0.981206,0.0
IT_03_01,contig_6,10,1600,0.968427,0.984087,0.0
IT_03_01,contig_9,10,119,1.0,1.0,0.0
IT_03_03,Fvb1,10,614278,0.918644,0.958459,0.0
IT_03_03,Fvb2,10,725641,0.908034,0.952908,0.0
IT_03_03,Fvb3,10,900517,0.9139,0.955981,0.0
IT_03_03,Fvb4,10,851151,0.924942,0.961739,0.0
IT_03_03,Fvb5,10,732178,0.907022,0.952377,0.0
IT_03_03,Fvb6,10,986072,0.907297,0.952522,0.0
IT_03_03,Fvb7,10,581892,0.904522,0.951064,0.0
IT_03_03,contig_10,10,175,1.0,1.0,0.0
IT_03_03,contig_12,10,104,0.96168,0.980653,0.0
IT_03_03,contig_17,10,1440,0.632081,0.795035,0.0
IT_03_03,contig_2,10,930,0.808176,0.898986,0.0
IT_03_03,contig_21,10,784,0.499903,0.707038,0.0
IT_03_03,contig_22,10,118,0.868263,0.931806,0.0
IT_03_03,contig_5,10,947,0.8419,0.917551,0.0
IT_03_03,contig_6,10,1609,0.955671,0.977584,0.0
IT_03_03,contig_9,10,223,0.980045,0.989972,0.0
IT_03_05,Fvb1,10,561827,0.91885,0.958567,0.0
IT_03_05,Fvb2,10,651749,0.907338,0.952543,0.0
IT_03_05,Fvb3,10,850356,0.915457,0.956795,0.0
IT_03_05,Fvb4,10,831493,0.926984,0.9628,0.0
IT_03_05,Fvb5,10,670790,0.910937,0.95443,0.0
IT_03_05,Fvb6,10,886437,0.907785,0.952778,0.0
IT_03_05,Fvb7,10,529298,0.910427,0.954163,0.0
IT_03_05,contig_10,10,167,0.958571,0.979066,0.0
IT_03_05,contig_17,10,1594,0.779269,0.882762,0.0
IT_03_05,contig_2,10,969,0.800978,0.894974,0.0
IT_03_05,contig_21,10,878,0.825398,0.908514,0.0
IT_03_05,contig_22,10,115,1.0,1.0,0.0
IT_03_05,contig_5,10,1045,0.82008,0.905583,0.0
IT_03_05,contig_6,10,1527,0.929495,0.964103,0.0
IT_03_05,contig_7,10,162,0.945674,0.972458,0.0
IT_03_05,contig_9,10,130,0.969296,0.984528,0.0
IT_03_06,Fvb1,10,707451,0.932715,0.965772,0.0
IT_03_06,Fvb2,10,841581,0.919707,0.959014,0.0
IT_03_06,Fvb3,10,1061484,0.924147,0.961326,0.0
IT_03_06,Fvb4,10,987820,0.930049,0.96439,0.0
IT_03_06,Fvb5,10,850259,0.921291,0.959839,0.0
IT_03_06,Fvb6,10,1117147,0.918798,0.95854,0.0
IT_03_06,Fvb7,10,673452,0.918893,0.958589,0.0
IT_03_06,contig_10,10,292,0.741835,0.861299,0.0
IT_03_06,contig_12,10,121,0.872064,0.933844,0.0
IT_03_06,contig_17,10,1500,0.930148,0.964442,0.0
IT_03_06,contig_2,10,997,0.899874,0.948617,0.0
IT_03_06,contig_21,10,958,0.756774,0.869928,0.0
IT_03_06,contig_22,10,128,1.0,1.0,0.0
IT_03_06,contig_5,10,604,0.824993,0.908292,0.0
IT_03_06,contig_6,10,1606,0.952393,0.975906,0.0
IT_03_06,contig_7,10,247,0.872351,0.933998,0.0
IT_03_06,contig_9,10,321,0.950666,0.975021,0.0
IT_04_01,Fvb1,10,532348,0.947678,0.973488,0.0
IT_04_01,Fvb2,10,621550,0.916166,0.957166,0.0
IT_04_01,Fvb3,10,769328,0.909693,0.953778,0.0
IT_04_01,Fvb4,10,714457,0.958118,0.978835,0.0
IT_04_01,Fvb5,10,633234,0.954802,0.97714,0.0
IT_04_01,Fvb6,10,840601,0.91914,0.958718,0.0
IT_04_01,Fvb7,10,502435,0.926413,0.962503,0.0
IT_04_01,contig_10,10,215,0.839287,0.916126,0.0
IT_04_01,contig_12,10,113,0.896741,0.946964,0.0
IT_04_01,contig_17,10,1515,0.893516,0.94526,0.0
IT_04_01,contig_2,10,987,0.921065,0.959721,0.0
IT_04_01,contig_21,10,662,0.636599,0.797872,0.0
IT_04_01,contig_22,10,114,0.832746,0.912549,0.0
IT_04_01,contig_5,10,828,0.777192,0.881585,0.0
IT_04_01,contig_6,10,1473,0.897117,0.947162,0.0
IT_04_01,contig_9,10,330,0.965788,0.982745,0.0
IT_04_03,Fvb1,10,709749,0.924852,0.961692,0.0
IT_04_03,Fvb2,10,832982,0.918974,0.958631,0.0
IT_04_03,Fvb3,10,1033678,0.918793,0.958537,0.0
IT_04_03,Fvb4,10,996670,0.931221,0.964998,0.0
IT_04_03,Fvb5,10,844893,0.917908,0.958075,0.0
IT_04_03,Fvb6,10,1125508,0.916277,0.957224,0.0
IT_04_03,Fvb7,10,672484,0.916551,0.957367,0.0
IT_04_03,contig_10,10,279,0.909728,0.953797,0.0
IT_04_03,contig_12,10,115,0.965774,0.982738,0.0
IT_04_03,contig_17,10,1541,0.808925,0.899402,0.0
IT_04_03,contig_2,10,967,0.441822,0.664697,0.0
IT_04_03,contig_21,10,807,0.424718,0.651704,0.0
IT_04_03,contig_22,10,113,0.926326,0.962458,0.0
IT_04_03,contig_5,10,628,0.770351,0.877696,0.0
IT_04_03,contig_6,10,1831,0.964415,0.982046,0.0
IT_04_03,contig_7,10,147,0.806662,0.898144,0.0
IT_04_03,contig_9,10,178,0.976895,0.98838,0.0
IT_04_05,Fvb1,10,775587,0.9639,0.981784,0.0
IT_04_05,Fvb2,10,904879,0.965822,0.982762,0.0
IT_04_05,Fvb3,10,1129864,0.967893,0.983816,0.0
IT_04_05,Fvb4,10,1084947,0.949024,0.974179,0.0
IT_04_05,Fvb5,10,911678,0.959654,0.979619,0.0
IT_04_05,Fvb6,10,1205351,0.958214,0.978884,0.0
IT_04_05,Fvb7,10,718817,0.94966,0.974505,0.0
IT_04_05,contig_10,10,186,1.0,1.0,0.0
IT_04_05,contig_12,10,116,0.754854,0.868823,0.0
IT_04_05,contig_17,10,1621,0.761586,0.872689,0.0
IT_04_05,contig_2,10,1089,0.939379,0.969216,0.0
IT_04_05,contig_21,10,898,0.581961,0.762863,0.0
IT_04_05,contig_22,10,135,0.859072,0.926862,0.0
IT_04_05,contig_5,10,1179,0.861139,0.927976,0.0
IT_04_05,contig_6,10,1931,0.961651,0.980638,0.0
IT_04_05,contig_7,10,132,0.000239,-0.015445,0.860472
IT_04_05,contig_9,10,433,0.959901,0.979745,0.0
IT_04_06,Fvb1,10,346839,0.915145,0.956632,0.0
IT_04_06,Fvb2,10,399286,0.910246,0.954068,0.0
IT_04_06,Fvb3,10,508611,0.907305,0.952526,0.0
IT_04_06,Fvb4,10,478212,0.924095,0.961299,0.0
IT_04_06,Fvb5,10,408193,0.909097,0.953466,0.0
IT_04_06,Fvb6,10,544159,0.906396,0.952049,0.0
IT_04_06,Fvb7,10,325964,0.904174,0.950881,0.0
IT_04_06,contig_10,10,300,0.865236,0.93018,0.0
IT_04_06,contig_12,10,133,0.941358,0.970236,0.0
IT_04_06,contig_17,10,1459,0.821385,0.906303,0.0
IT_04_06,contig_2,10,972,0.913883,0.955972,0.0
IT_04_06,contig_21,10,456,0.758526,0.870934,0.0
IT_04_06,contig_22,10,116,0.964483,0.982081,0.0
IT_04_06,contig_5,10,638,0.732617,0.85593,0.0
IT_04_06,contig_6,10,999,0.942257,0.970699,0.0
IT_04_06,contig_7,10,194,0.796929,0.892709,0.0
IT_04_06,contig_9,10,286,0.981855,0.990886,0.0
IT_05_01,Fvb1,10,716382,0.916443,0.95731,0.0
IT_05_01,Fvb2,10,864303,0.911149,0.954541,0.0
IT_05_01,Fvb3,10,1057471,0.917922,0.958082,0.0
IT_05_01,Fvb4,10,969830,0.920544,0.95945,0.0
IT_05_01,Fvb5,10,842618,0.909491,0.953673,0.0
IT_05_01,Fvb6,10,1114994,0.90711,0.952423,0.0
IT_05_01,Fvb7,10,657346,0.906488,0.952097,0.0
IT_05_01,contig_10,10,265,1.0,1.0,0.0
IT_05_01,contig_12,10,155,0.947921,0.973613,0.0
IT_05_01,contig_17,10,1610,0.903672,0.950616,0.0
IT_05_01,contig_2,10,1017,0.891906,0.944408,0.0
IT_05_01,contig_21,10,870,0.542898,0.736816,0.0
IT_05_01,contig_22,10,125,0.897308,0.947263,0.0
IT_05_01,contig_5,10,542,0.747456,0.864555,0.0
IT_05_01,contig_6,10,1455,0.925214,0.96188,0.0
IT_05_01,contig_7,10,125,0.868757,0.932071,0.0
IT_05_01,contig_9,10,370,0.983497,0.991714,0.0
IT_05_03,Fvb1,10,606978,0.934176,0.966528,0.0
IT_05_03,Fvb2,10,748648,0.924743,0.961636,0.0
IT_05_03,Fvb3,10,881910,0.911238,0.954588,0.0
IT_05_03,Fvb4,10,832184,0.966097,0.982903,0.0
IT_05_03,Fvb5,10,716432,0.910164,0.954025,0.0
IT_05_03,Fvb6,10,973166,0.949218,0.974278,0.0
IT_05_03,Fvb7,10,571661,0.933888,0.966379,0.0
IT_05_03,contig_10,10,284,0.961746,0.980686,0.0
IT_05_03,contig_12,10,107,0.881155,0.938699,0.0
IT_05_03,contig_17,10,1488,0.80291,0.896052,0.0
IT_05_03,contig_2,10,965,0.057682,0.24017,0.0
IT_05_03,contig_21,10,672,0.80197,0.895528,0.0
IT_05_03,contig_5,10,302,0.928225,0.963445,0.0
IT_05_03,contig_6,10,1473,0.894391,0.945722,0.0
IT_05_03,contig_7,10,126,1.0,1.0,0.0
IT_05_03,contig_9,10,133,0.913034,0.955528,0.0
IT_05_05,Fvb1,10,878496,0.964017,0.981844,0.0
IT_05_05,Fvb2,10,1021753,0.972026,0.985914,0.0
IT_05_05,Fvb3,10,1317363,0.967292,0.98351,0.0
IT_05_05,Fvb4,10,1239734,0.966679,0.983199,0.0
IT_05_05,Fvb5,10,1017751,0.950395,0.974882,0.0
IT_05_05,Fvb6,10,1377510,0.968865,0.98431,0.0
IT_05_05,Fvb7,10,801444,0.932085,0.965446,0.0
IT_05_05,contig_10,10,235,0.963021,0.981336,0.0
IT_05_05,contig_12,10,130,1.0,1.0,0.0
IT_05_05,contig_17,10,1650,0.882176,0.939242,0.0
IT_05_05,contig_2,10,1065,0.872435,0.934042,0.0
IT_05_05,contig_21,10,1029,0.571435,0.755933,0.0
IT_05_05,contig_22,10,170,0.895065,0.946079,0.0
IT_05_05,contig_5,10,624,0.849952,0.921928,0.0
IT_05_05,contig_6,10,2141,0.986145,0.993048,0.0
IT_05_05,contig_7,10,202,0.889539,0.943154,0.0
IT_05_05,contig_9,10,355,0.948749,0.974038,0.0
IT_05_06,Fvb1,10,638915,0.928038,0.963347,0.0
IT_05_06,Fvb2,10,767568,0.919855,0.959091,0.0
IT_05_06,Fvb3,10,944239,0.958486,0.979023,0.0
IT_05_06,Fvb4,10,893029,0.965278,0.982486,0.0
IT_05_06,Fvb5,10,760364,0.952232,0.975824,0.0
IT_05_06,Fvb6,10,1018082,0.948867,0.974098,0.0
IT_05_06,Fvb7,10,592428,0.9288,0.963743,0.0
IT_05_06,contig_10,10,333,0.966475,0.983095,0.0
IT_05_06,contig_12,10,176,0.975976,0.987915,0.0
IT_05_06,contig_17,10,1527,0.807666,0.898702,0.0
IT_05_06,contig_2,10,1007,0.927319,0.962974,0.0
IT_05_06,contig_21,10,737,0.364823,0.604006,0.0
IT_05_06,contig_22,10,158,0.851224,0.922618,0.0
IT_05_06,contig_5,10,370,0.917383,0.957801,0.0
IT_05_06,contig_6,10,1540,0.900121,0.948747,0.0
IT_05_06,contig_7,10,315,0.951024,0.975205,0.0
IT_05_06,contig_9,10,219,0.978981,0.989435,0.0
IT_06_01,Fvb1,10,506528,0.907192,0.952466,0.0
IT_06_01,Fvb2,10,616441,0.905016,0.951323,0.0
IT_06_01,Fvb3,10,735617,0.909185,0.953512,0.0
IT_06_01,Fvb4,10,697286,0.920298,0.959322,0.0
IT_06_01,Fvb5,10,594846,0.904052,0.950816,0.0
IT_06_01,Fvb6,10,811394,0.904933,0.951279,0.0
IT_06_01,Fvb7,10,483250,0.900381,0.948884,0.0
IT_06_01,contig_10,10,177,0.74569,0.863533,0.0
IT_06_01,contig_17,10,1480,0.907092,0.952414,0.0
IT_06_01,contig_2,10,878,0.908928,0.953377,0.0
IT_06_01,contig_21,10,581,0.57864,0.760684,0.0
IT_06_01,contig_5,10,221,0.923115,0.960789,0.0
IT_06_01,contig_6,10,1249,0.92495,0.961743,0.0
IT_06_01,contig_7,10,104,0.326861,0.571717,0.0
IT_06_01,contig_9,10,161,0.905221,0.951431,0.0
IT_06_02,Fvb1,10,858792,0.960144,0.979869,0.0
IT_06_02,Fvb2,10,1011388,0.96326,0.981458,0.0
IT_06_02,Fvb3,10,1249469,0.964461,0.98207,0.0
IT_06_02,Fvb4,10,1180280,0.968004,0.983872,0.0
IT_06_02,Fvb5,10,992665,0.962052,0.980843,0.0
IT_06_02,Fvb6,10,1304780,0.936402,0.967679,0.0
IT_06_02,Fvb7,10,764929,0.954625,0.977049,0.0
IT_06_02,contig_10,10,253,0.971586,0.985691,0.0
IT_06_02,contig_12,10,170,0.952587,0.976006,0.0
IT_06_02,contig_17,10,1402,0.692663,0.832264,0.0
IT_06_02,contig_2,10,1072,1.0,1.0,0.0
IT_06_02,contig_21,10,930,0.831373,0.911797,0.0
IT_06_02,contig_22,10,145,0.940932,0.970017,0.0
IT_06_02,contig_5,10,522,0.961935,0.980783,0.0
IT_06_02,contig_6,10,1753,0.979605,0.98975,0.0
IT_06_02,contig_7,10,176,1.0,1.0,0.0
IT_06_02,contig_9,10,389,1.0,1.0,0.0
IT_06_04,Fvb1,10,396795,0.907089,0.952412,0.0
IT_06_04,Fvb2,10,474713,0.901519,0.949483,0.0
IT_06_04,Fvb3,10,588311,0.912798,0.955405,0.0
IT_06_04,Fvb4,10,536691,0.916234,0.957201,0.0
IT_06_04,Fvb5,10,469645,0.903295,0.950418,0.0
IT_06_04,Fvb6,10,634720,0.904372,0.950985,0.0
IT_06_04,Fvb7,10,376571,0.894558,0.945811,0.0
IT_06_04,contig_10,10,260,0.891983,0.944449,0.0
IT_06_04,contig_12,10,115,0.965723,0.982712,0.0
IT_06_04,contig_17,10,1235,0.794769,0.891498,0.0
IT_06_04,contig_2,10,964,0.876598,0.936268,0.0
IT_06_04,contig_21,10,439,0.466611,0.683089,0.0
IT_06_04,contig_22,10,125,0.92957,0.964142,0.0
IT_06_04,contig_5,10,375,0.812538,0.901409,0.0
IT_06_04,contig_6,10,993,0.878231,0.93714,0.0
IT_06_04,contig_7,10,121,0.793162,0.890597,0.0
IT_06_04,contig_9,10,307,1.0,1.0,0.0
IT_06_06,Fvb1,10,769364,0.962496,0.981069,0.0
IT_06_06,Fvb2,10,928605,0.935613,0.967271,0.0
IT_06_06,Fvb3,10,1159832,0.970034,0.984903,0.0
IT_06_06,Fvb4,10,1113035,0.97134,0.985566,0.0
IT_06_06,Fvb5,10,898929,0.967522,0.983627,0.0
IT_06_06,Fvb6,10,1201299,0.935734,0.967333,0.0
IT_06_06,Fvb7,10,725370,0.963238,0.981447,0.0
IT_06_06,contig_10,10,254,0.863734,0.929373,0.0
IT_06_06,contig_12,10,147,0.972913,0.986364,0.0
IT_06_06,contig_17,10,1342,0.652209,0.807595,0.0
IT_06_06,contig_2,10,1044,0.681779,0.825699,0.0
IT_06_06,contig_21,10,922,0.855657,0.925017,0.0
IT_06_06,contig_22,10,139,0.969624,0.984695,0.0
IT_06_06,contig_5,10,409,0.964708,0.982196,0.0
IT_06_06,contig_6,10,1609,0.911389,0.954667,0.0
IT_06_06,contig_7,10,201,0.829349,0.910686,0.0
IT_06_06,contig_9,10,202,1.0,1.0,0.0
IT_07_02,Fvb1,10,419989,0.912286,0.955136,0.0
IT_07_02,Fvb2,10,508689,0.898336,0.947806,0.0
IT_07_02,Fvb3,10,614937,0.903922,0.950748,0.0
IT_07_02,Fvb4,10,581258,0.918798,0.958539,0.0
IT_07_02,Fvb5,10,508676,0.899732,0.948542,0.0
IT_07_02,Fvb6,10,678471,0.899927,0.948645,0.0
IT_07_02,Fvb7,10,414526,0.897982,0.947619,0.0
IT_07_02,contig_10,10,300,0.846851,0.920245,0.0
IT_07_02,contig_12,10,135,0.938839,0.968937,0.0
IT_07_02,contig_17,10,625,0.593006,0.770069,0.0
IT_07_02,contig_2,10,992,0.849959,0.921932,0.0
IT_07_02,contig_21,10,430,0.533883,0.730673,0.0
IT_07_02,contig_22,10,105,0.922395,0.960414,0.0
IT_07_02,contig_5,10,248,0.794271,0.891219,0.0
IT_07_02,contig_6,10,1078,0.949749,0.974551,0.0
IT_07_02,contig_7,10,140,0.930296,0.964519,0.0
IT_07_02,contig_9,10,169,0.976049,0.987952,0.0
IT_07_04,Fvb1,10,359388,0.921021,0.959698,0.0
IT_07_04,Fvb2,10,438034,0.913701,0.955877,0.0
IT_07_04,Fvb3,10,542199,0.912416,0.955205,0.0
IT_07_04,Fvb4,10,507490,0.963319,0.981488,0.0
IT_07_04,Fvb5,10,431539,0.911969,0.95497,0.0
IT_07_04,Fvb6,10,582290,0.907979,0.952879,0.0
IT_07_04,Fvb7,10,354194,0.949021,0.974177,0.0
IT_07_04,contig_10,10,300,0.938807,0.96892,0.0
IT_07_04,contig_12,10,137,0.909722,0.953793,0.0
IT_07_04,contig_17,10,1352,0.891015,0.943936,0.0
IT_07_04,contig_2,10,968,0.575641,0.75871,0.0
IT_07_04,contig_21,10,405,0.942234,0.970687,0.0
IT_07_04,contig_22,10,121,0.960263,0.97993,0.0
IT_07_04,contig_5,10,154,0.88467,0.940569,0.0
IT_07_04,contig_6,10,1053,0.899192,0.948257,0.0
IT_07_04,contig_7,10,231,0.941936,0.970534,0.0
IT_07_04,contig_9,10,190,0.955274,0.977381,0.0
IT_07_05,Fvb1,10,521261,0.921064,0.959721,0.0
IT_07_05,Fvb2,10,644748,0.911571,0.954762,0.0
IT_07_05,Fvb3,10,793300,0.958876,0.979222,0.0
IT_07_05,Fvb4,10,725316,0.926218,0.962402,0.0
IT_07_05,Fvb5,10,640635,0.950798,0.975089,0.0
IT_07_05,Fvb6,10,852820,0.919277,0.958789,0.0
IT_07_05,Fvb7,10,509567,0.905559,0.951609,0.0
IT_07_05,contig_10,10,290,0.962963,0.981307,0.0
IT_07_05,contig_12,10,142,1.0,1.0,0.0
IT_07_05,contig_17,10,1539,0.871404,0.93349,0.0
IT_07_05,contig_2,10,973,0.563726,0.750817,0.0
IT_07_05,contig_21,10,609,0.647038,0.804387,0.0
IT_07_05,contig_22,10,140,1.0,1.0,0.0
IT_07_05,contig_5,10,635,0.756771,0.869926,0.0
IT_07_05,contig_6,10,1254,0.958572,0.979067,0.0
IT_07_05,contig_7,10,175,0.781469,0.884007,0.0
IT_07_05,contig_9,10,252,0.961856,0.980742,0.0
IT_07_07,Fvb1,10,623218,0.915676,0.95691,0.0
IT_07_07,Fvb2,10,746976,0.90359,0.950574,0.0
IT_07_07,Fvb3,10,931197,0.913255,0.955644,0.0
IT_07_07,Fvb4,10,864114,0.923046,0.960753,0.0
IT_07_07,Fvb5,10,744209,0.904671,0.951142,0.0
IT_07_07,Fvb6,10,995279,0.907262,0.952503,0.0
IT_07_07,Fvb7,10,604455,0.905366,0.951507,0.0
IT_07_07,contig_10,10,270,1.0,1.0,0.0
IT_07_07,contig_12,10,122,0.935158,0.967036,0.0
IT_07_07,contig_17,10,1601,0.501792,0.708373,0.0
IT_07_07,contig_2,10,996,0.522034,0.722519,0.0
IT_07_07,contig_21,10,713,0.393946,0.627651,0.0
IT_07_07,contig_5,10,522,0.735567,0.857652,0.0
IT_07_07,contig_6,10,1787,0.943411,0.971293,0.0
IT_07_07,contig_7,10,184,0.798033,0.893327,0.0
IT_07_07,contig_9,10,195,0.931298,0.965038,0.0
