individu,chr,seuil,n_sites,h2,r,slope,intercept,pval
IT_01_01,Fvb1,5,852876,0.969018,0.984387,0.990167,1.217635,0.0
IT_01_01,Fvb2,5,1023950,0.97139,0.985591,0.992581,1.074261,0.0
IT_01_01,Fvb3,5,1264268,0.967072,0.983398,0.988873,1.387524,0.0
IT_01_01,Fvb4,5,1170957,0.967393,0.983561,0.98785,1.408584,0.0
IT_01_01,Fvb5,5,1001550,0.969339,0.98455,0.990847,1.185694,0.0
IT_01_01,Fvb6,5,1329399,0.968677,0.984214,0.99053,1.172333,0.0
IT_01_01,Fvb7,5,798312,0.970528,0.985154,0.992093,1.073624,0.0
IT_01_01,contig_1,5,15239,0.067636,0.26007,0.313072,0.078457,0.0
IT_01_01,contig_10,5,219,0.950406,0.974888,0.950469,0.853888,0.0
IT_01_01,contig_12,5,125,0.942465,0.970806,0.981499,2.295929,0.0
IT_01_01,contig_14,5,105,0.010144,-0.100717,-0.093566,106.396682,0.30664206
IT_01_01,contig_17,5,1562,0.881844,0.939065,0.905214,8.65094,0.0
IT_01_01,contig_2,5,959,0.725173,0.851571,0.768835,21.687453,0.0
IT_01_01,contig_21,5,1058,0.825857,0.908767,0.898285,9.083791,0.0
IT_01_01,contig_22,5,125,0.962382,0.981011,0.953143,-0.029663,0.0
IT_01_01,contig_3,5,155,0.929971,0.96435,0.363914,0.317393,0.0
IT_01_01,contig_5,5,1429,0.910275,0.954083,0.926088,7.694155,0.0
IT_01_01,contig_6,5,2050,0.983368,0.991649,0.991136,0.505174,0.0
IT_01_01,contig_7,5,174,0.260166,0.510065,0.380034,57.739914,0.0
IT_01_01,contig_9,5,280,0.976801,0.988332,0.973908,0.452804,0.0
IT_01_03,Fvb1,5,651312,0.964335,0.982006,0.985804,2.106471,0.0
IT_01_03,Fvb2,5,734405,0.966732,0.983225,0.987942,1.941777,0.0
IT_01_03,Fvb3,5,969132,0.963379,0.981518,0.98448,2.207336,0.0
IT_01_03,Fvb4,5,935880,0.957231,0.978382,0.97912,2.703141,0.0
IT_01_03,Fvb5,5,751691,0.96589,0.982797,0.987271,1.959436,0.0
IT_01_03,Fvb6,5,996830,0.963465,0.981563,0.986411,2.103835,0.0
IT_01_03,Fvb7,5,582523,0.96336,0.981509,0.986368,2.05289,0.0
IT_01_03,contig_1,5,15179,0.187639,0.433173,2.428074,0.577097,0.0
IT_01_03,contig_10,5,122,0.953096,0.976266,1.075358,-0.144721,0.0
IT_01_03,contig_12,5,143,0.964931,0.982309,0.972658,4.464288,0.0
IT_01_03,contig_14,5,114,0.001038,0.032216,0.014636,96.766731,0.73365337
IT_01_03,contig_17,5,1499,0.892241,0.944585,0.953516,4.703977,0.0
IT_01_03,contig_2,5,963,0.83319,0.912793,0.85587,13.826257,0.0
IT_01_03,contig_21,5,948,0.785731,0.886415,0.875844,11.126503,0.0
IT_01_03,contig_22,5,123,0.927235,0.96293,0.981609,1.827813,0.0
IT_01_03,contig_3,5,182,0.890256,0.943534,1.288815,0.617475,0.0
IT_01_03,contig_5,5,1295,0.889964,0.943379,0.91655,8.988518,0.0
IT_01_03,contig_6,5,1569,0.983095,0.991512,1.004645,0.538804,0.0
IT_01_03,contig_7,5,129,0.522397,0.72277,0.708395,27.718775,0.0
IT_01_03,contig_9,5,245,0.964047,0.981859,0.999621,0.572063,0.0
IT_01_05,Fvb1,5,944447,0.976984,0.988425,0.991123,0.889049,0.0
IT_01_05,Fvb2,5,1102333,0.977935,0.988906,0.992612,0.794406,0.0
IT_01_05,Fvb3,5,1380560,0.975214,0.987529,0.990364,0.960798,0.0
IT_01_05,Fvb4,5,1281976,0.97517,0.987507,0.989487,1.019697,0.0
IT_01_05,Fvb5,5,1095763,0.976844,0.988354,0.992126,0.850841,0.0
IT_01_05,Fvb6,5,1458696,0.975415,0.987631,0.990986,0.899689,0.0
IT_01_05,Fvb7,5,877430,0.975618,0.987734,0.991746,0.851155,0.0
IT_01_05,contig_1,5,15247,0.231397,0.481037,0.573255,0.074051,0.0
IT_01_05,contig_10,5,310,0.956013,0.977759,0.982093,-0.639503,0.0
IT_01_05,contig_12,5,195,0.968519,0.984134,0.979201,-0.131833,0.0
IT_01_05,contig_14,5,141,0.005244,0.072415,0.093715,86.68219,0.39346448
IT_01_05,contig_16,5,117,0.950612,0.974993,1.052487,-4.064177,0.0
IT_01_05,contig_17,5,1645,0.914134,0.956103,0.985888,0.622623,0.0
IT_01_05,contig_2,5,1095,0.918925,0.958606,0.968522,2.343147,0.0
IT_01_05,contig_21,5,1136,0.853573,0.92389,0.937945,4.601234,0.0
IT_01_05,contig_22,5,217,0.946203,0.97273,0.992859,0.505445,0.0
IT_01_05,contig_3,5,196,0.856342,0.925388,0.757089,0.356714,0.0
IT_01_05,contig_5,5,1606,0.912599,0.9553,0.943275,5.511383,0.0
IT_01_05,contig_6,5,2275,0.982695,0.99131,0.987907,0.326259,0.0
IT_01_05,contig_7,5,239,0.894442,0.94575,0.969869,2.649523,0.0
IT_01_05,contig_9,5,479,0.961147,0.980381,0.987716,0.506432,0.0
IT_01_06,Fvb1,5,736629,0.970847,0.985316,0.987447,0.588617,0.0
IT_01_06,Fvb2,5,837003,0.973032,0.986424,0.988677,0.438161,0.0
IT_01_06,Fvb3,5,1096354,0.970024,0.984898,0.987369,0.604029,0.0
IT_01_06,Fvb4,5,1045707,0.965055,0.982372,0.985296,0.73526,0.0
IT_01_06,Fvb5,5,851745,0.97217,0.985987,0.988129,0.524959,0.0
IT_01_06,Fvb6,5,1137188,0.970025,0.984899,0.987275,0.506987,0.0
IT_01_06,Fvb7,5,668502,0.970125,0.984949,0.986975,0.488097,0.0
IT_01_06,contig_1,5,15191,0.127089,0.356495,0.253448,0.067223,0.0
IT_01_06,contig_10,5,148,0.947933,0.973618,0.951764,-0.386758,0.0
IT_01_06,contig_12,5,128,0.926048,0.962314,0.974221,-1.186491,0.0
IT_01_06,contig_14,5,101,0.001507,-0.038824,-0.067901,102.698664,0.6998931
IT_01_06,contig_17,5,1548,0.878693,0.937386,0.969771,1.943044,0.0
IT_01_06,contig_2,5,1007,0.884352,0.9404,0.939815,5.47474,0.0
IT_01_06,contig_21,5,1046,0.789103,0.888315,0.90096,7.67883,0.0
IT_01_06,contig_22,5,116,0.929104,0.9639,1.002305,-1.60589,0.0
IT_01_06,contig_3,5,158,0.751265,0.866755,0.203933,0.312068,0.0
IT_01_06,contig_5,5,1420,0.910394,0.954146,0.942809,4.84177,0.0
IT_01_06,contig_6,5,1770,0.985296,0.992621,0.997523,-0.012475,0.0
IT_01_06,contig_7,5,155,0.400273,0.632671,0.622754,34.655447,0.0
IT_01_06,contig_9,5,231,0.948893,0.974112,0.980255,-0.232308,0.0
IT_02_01,Fvb1,5,939402,0.978701,0.989293,0.986807,0.669959,0.0
IT_02_01,Fvb2,5,1129540,0.98132,0.990616,0.98837,0.563831,0.0
IT_02_01,Fvb3,5,1417553,0.978133,0.989006,0.986926,0.721517,0.0
IT_02_01,Fvb4,5,1322056,0.97558,0.987714,0.985181,0.841695,0.0
IT_02_01,Fvb5,5,1104677,0.980149,0.990025,0.988173,0.58879,0.0
IT_02_01,Fvb6,5,1451701,0.980346,0.990124,0.988058,0.579027,0.0
IT_02_01,Fvb7,5,874610,0.981167,0.990539,0.988585,0.522339,0.0
IT_02_01,contig_1,5,15473,0.010342,0.101695,0.108978,0.040082,0.0
IT_02_01,contig_10,5,292,0.943906,0.971548,0.925613,0.459583,0.0
IT_02_01,contig_12,5,137,0.970423,0.9851,0.919727,0.126576,0.0
IT_02_01,contig_14,5,145,0.001256,0.035441,0.027199,93.68365,0.6721492
IT_02_01,contig_17,5,1693,0.934742,0.96682,0.961944,3.24622,0.0
IT_02_01,contig_2,5,1117,0.835745,0.914191,0.878019,11.091744,0.0
IT_02_01,contig_21,5,1134,0.890715,0.943777,0.948737,3.175737,0.0
IT_02_01,contig_22,5,154,0.953794,0.976624,0.963577,2.243881,0.0
IT_02_01,contig_3,5,557,0.001534,0.03916,0.043673,0.474255,0.3562716
IT_02_01,contig_5,5,1559,0.921827,0.960118,0.937421,5.514425,0.0
IT_02_01,contig_6,5,2271,0.986027,0.992989,0.987452,0.182989,0.0
IT_02_01,contig_7,5,155,0.929045,0.96387,0.981234,2.160419,0.0
IT_02_01,contig_8,5,105,2.7e-05,0.005217,0.005942,95.594675,0.95787764
IT_02_01,contig_9,5,301,0.967219,0.983473,0.946021,1.020866,0.0
IT_02_03,Fvb1,5,944751,0.975799,0.987825,0.986259,0.891242,0.0
IT_02_03,Fvb2,5,1138084,0.97562,0.987735,0.986722,0.860456,0.0
IT_02_03,Fvb3,5,1414573,0.973387,0.986604,0.985043,1.012299,0.0
IT_02_03,Fvb4,5,1344089,0.97334,0.98658,0.984461,1.057961,0.0
IT_02_03,Fvb5,5,1120162,0.974659,0.987248,0.986259,0.917257,0.0
IT_02_03,Fvb6,5,1464822,0.975659,0.987754,0.986587,0.886875,0.0
IT_02_03,Fvb7,5,872643,0.975917,0.987885,0.986856,0.798033,0.0
IT_02_03,contig_1,5,15220,0.113908,0.337502,0.339387,0.051545,0.0
IT_02_03,contig_10,5,354,0.96995,0.98486,0.912496,0.262738,0.0
IT_02_03,contig_12,5,171,0.948326,0.97382,0.926882,1.24022,0.0
IT_02_03,contig_14,5,105,0.009466,0.097292,0.12229,84.28548,0.323469
IT_02_03,contig_17,5,1629,0.924017,0.961258,0.95913,3.682005,0.0
IT_02_03,contig_2,5,1081,0.902226,0.949856,0.96284,3.132745,0.0
IT_02_03,contig_21,5,1142,0.893256,0.945122,0.937176,5.121774,0.0
IT_02_03,contig_22,5,170,0.947267,0.973277,0.993043,0.88638,0.0
IT_02_03,contig_3,5,591,0.478082,0.691435,1.149356,0.625403,0.0
IT_02_03,contig_5,5,1540,0.90883,0.953326,0.947058,4.992053,0.0
IT_02_03,contig_6,5,2123,0.984611,0.992276,0.989879,0.416244,0.0
IT_02_03,contig_7,5,290,0.936,0.967471,0.940066,4.198453,0.0
IT_02_03,contig_9,5,246,0.974736,0.987287,0.969754,-0.517342,0.0
IT_02_05,Fvb1,5,931953,0.978134,0.989007,0.990147,0.560708,0.0
IT_02_05,Fvb2,5,1138888,0.977538,0.988705,0.990009,0.537807,0.0
IT_02_05,Fvb3,5,1441560,0.977134,0.988501,0.989949,0.717084,0.0
IT_02_05,Fvb4,5,1334675,0.976958,0.988412,0.9901,0.755129,0.0
IT_02_05,Fvb5,5,1118679,0.976874,0.988369,0.989882,0.574567,0.0
IT_02_05,Fvb6,5,1461489,0.979483,0.989688,0.990511,0.536465,0.0
IT_02_05,Fvb7,5,869850,0.978054,0.988966,0.989851,0.481307,0.0
IT_02_05,contig_1,5,15061,0.036369,0.190708,0.168614,0.037588,0.0
IT_02_05,contig_10,5,220,0.962697,0.981171,0.988727,0.252722,0.0
IT_02_05,contig_12,5,176,0.965036,0.982363,1.008026,0.100686,0.0
IT_02_05,contig_14,5,133,0.2514,0.501398,0.544366,43.828649,8e-10
IT_02_05,contig_17,5,1575,0.898276,0.947774,0.925217,6.887563,0.0
IT_02_05,contig_2,5,1123,0.933209,0.966028,0.957851,4.097208,0.0
IT_02_05,contig_21,5,1183,0.928522,0.963599,0.9744,2.462047,0.0
IT_02_05,contig_22,5,166,0.987657,0.993809,0.990903,0.453359,0.0
IT_02_05,contig_3,5,476,0.728317,0.853415,0.966735,0.214484,0.0
IT_02_05,contig_5,5,1293,0.904798,0.951209,0.953805,4.173671,0.0
IT_02_05,contig_6,5,2070,0.981888,0.990902,0.987517,0.049727,0.0
IT_02_05,contig_7,5,186,0.917599,0.957914,0.936986,5.258413,0.0
IT_02_05,contig_9,5,410,0.970265,0.98502,0.975823,1.203453,0.0
IT_02_07,Fvb1,5,877097,0.973706,0.986766,0.980425,0.812065,0.0
IT_02_07,Fvb2,5,1055717,0.973157,0.986487,0.980039,0.78072,0.0
IT_02_07,Fvb3,5,1308136,0.971848,0.985824,0.979346,0.95684,0.0
IT_02_07,Fvb4,5,1240772,0.971817,0.985808,0.9794,1.058011,0.0
IT_02_07,Fvb5,5,1041850,0.972835,0.986324,0.980212,0.844674,0.0
IT_02_07,Fvb6,5,1362177,0.972953,0.986384,0.980405,0.796188,0.0
IT_02_07,Fvb7,5,810536,0.973738,0.986782,0.980262,0.728958,0.0
IT_02_07,contig_1,5,15213,0.047119,0.21707,0.164347,0.043234,0.0
IT_02_07,contig_10,5,328,0.930542,0.964646,0.949958,0.284942,0.0
IT_02_07,contig_12,5,161,0.934398,0.966642,0.935028,1.092249,0.0
IT_02_07,contig_17,5,1556,0.894794,0.945935,0.919467,6.76007,0.0
IT_02_07,contig_2,5,1027,0.819239,0.905118,0.839041,14.171618,0.0
IT_02_07,contig_21,5,1073,0.856965,0.925724,0.90003,7.594627,0.0
IT_02_07,contig_22,5,143,0.957263,0.978398,0.99123,0.687708,0.0
IT_02_07,contig_3,5,451,0.664189,0.814978,0.858828,0.191383,0.0
IT_02_07,contig_5,5,1400,0.909751,0.953809,0.941143,4.627125,0.0
IT_02_07,contig_6,5,1917,0.98099,0.99045,0.982726,0.329623,0.0
IT_02_07,contig_7,5,216,0.93028,0.96451,0.980086,2.807557,0.0
IT_02_07,contig_9,5,190,0.981206,0.990558,0.973747,0.531361,0.0
IT_03_01,Fvb1,5,832533,0.970644,0.985212,0.991796,1.27593,0.0
IT_03_01,Fvb2,5,1009681,0.970152,0.984963,0.992516,1.220719,0.0
IT_03_01,Fvb3,5,1240082,0.966333,0.983022,0.989414,1.472354,0.0
IT_03_01,Fvb4,5,1172004,0.966135,0.982922,0.987587,1.555247,0.0
IT_03_01,Fvb5,5,986747,0.971458,0.985626,0.992762,1.251848,0.0
IT_03_01,Fvb6,5,1341088,0.9679,0.983819,0.990691,1.323051,0.0
IT_03_01,Fvb7,5,786332,0.972513,0.98616,0.994721,1.077581,0.0
IT_03_01,contig_1,5,15060,0.007257,0.08519,0.097123,0.119109,0.0
IT_03_01,contig_10,5,260,0.954924,0.977202,0.972589,0.419805,0.0
IT_03_01,contig_12,5,123,0.941795,0.970461,1.019786,0.319471,0.0
IT_03_01,contig_14,5,112,0.001779,-0.042181,-0.038314,100.245023,0.6587828
IT_03_01,contig_17,5,1450,0.82371,0.907584,0.902408,8.683942,0.0
IT_03_01,contig_2,5,1092,0.914036,0.956052,0.973969,2.510814,0.0
IT_03_01,contig_21,5,1097,0.907022,0.952377,0.949105,3.946305,0.0
IT_03_01,contig_22,5,146,0.968071,0.983906,0.970903,-1.540526,0.0
IT_03_01,contig_3,5,143,0.818649,0.904792,0.203296,0.228888,0.0
IT_03_01,contig_5,5,1371,0.914649,0.956373,0.927377,7.093231,0.0
IT_03_01,contig_6,5,2068,0.978269,0.989075,1.000721,0.227879,0.0
IT_03_01,contig_7,5,100,0.411512,0.641492,0.664042,31.264658,0.0
IT_03_01,contig_9,5,182,0.960244,0.97992,0.961035,-0.340731,0.0
IT_03_03,Fvb1,5,844605,0.969365,0.984563,0.985731,1.030494,0.0
IT_03_03,Fvb2,5,999166,0.968622,0.984186,0.98663,0.948707,0.0
IT_03_03,Fvb3,5,1257979,0.966928,0.983325,0.984294,1.104116,0.0
IT_03_03,Fvb4,5,1194987,0.967848,0.983793,0.983481,1.115671,0.0
IT_03_03,Fvb5,5,1002527,0.968343,0.984044,0.986183,1.053307,0.0
IT_03_03,Fvb6,5,1342612,0.967751,0.983743,0.986343,1.012099,0.0
IT_03_03,Fvb7,5,792753,0.968715,0.984233,0.986943,0.94912,0.0
IT_03_03,contig_1,5,15471,0.191251,0.437323,0.394297,0.037839,0.0
IT_03_03,contig_10,5,208,0.947141,0.973212,0.937486,-0.216381,0.0
IT_03_03,contig_12,5,121,0.936746,0.967856,0.891398,0.524247,0.0
IT_03_03,contig_14,5,113,0.006417,0.080105,0.053658,91.214789,0.39899305
IT_03_03,contig_17,5,1604,0.829052,0.910523,0.854617,12.83356,0.0
IT_03_03,contig_2,5,1027,0.890885,0.943867,0.962482,2.548454,0.0
IT_03_03,contig_21,5,1107,0.87677,0.93636,0.940852,3.865341,0.0
IT_03_03,contig_22,5,146,0.943624,0.971403,0.908095,1.694519,0.0
IT_03_03,contig_3,5,173,0.468392,0.684392,0.263416,0.555214,0.0
IT_03_03,contig_5,5,1405,0.888698,0.942708,0.894961,10.128866,0.0
IT_03_03,contig_6,5,2090,0.97952,0.989707,0.989106,0.148549,0.0
IT_03_03,contig_7,5,244,0.353714,0.594739,0.783629,17.434096,0.0
IT_03_03,contig_9,5,308,0.98032,0.990111,0.927004,0.587919,0.0
IT_03_05,Fvb1,5,786494,0.968444,0.984095,0.993074,1.335465,0.0
IT_03_05,Fvb2,5,927259,0.967447,0.983589,0.992804,1.32355,0.0
IT_03_05,Fvb3,5,1193687,0.96629,0.983,0.991253,1.490511,0.0
IT_03_05,Fvb4,5,1159957,0.965972,0.982839,0.990688,1.599779,0.0
IT_03_05,Fvb5,5,932164,0.968202,0.983973,0.992817,1.338834,0.0
IT_03_05,Fvb6,5,1240890,0.96749,0.983611,0.993161,1.316401,0.0
IT_03_05,Fvb7,5,736109,0.968713,0.984232,0.994038,1.221504,0.0
IT_03_05,contig_1,5,15229,0.089149,0.298579,0.785355,0.329282,0.0
IT_03_05,contig_10,5,219,0.951009,0.975197,0.992764,2.57207,0.0
IT_03_05,contig_12,5,115,0.965366,0.98253,0.987971,1.284135,0.0
IT_03_05,contig_14,5,104,0.051615,0.22719,0.177708,79.742698,0.020378577
IT_03_05,contig_17,5,1674,0.814695,0.902605,0.888004,11.197882,0.0
IT_03_05,contig_2,5,1069,0.902588,0.950046,0.955943,5.162237,0.0
IT_03_05,contig_21,5,1061,0.892421,0.94468,0.943418,6.119317,0.0
IT_03_05,contig_22,5,140,0.968723,0.984237,0.987411,1.90949,0.0
IT_03_05,contig_3,5,168,0.8046,0.896995,0.574877,0.70204,0.0
IT_03_05,contig_5,5,1413,0.883134,0.939752,0.921086,8.223528,0.0
IT_03_05,contig_6,5,2023,0.97621,0.988033,1.000667,0.69431,0.0
IT_03_05,contig_7,5,219,0.90346,0.950505,1.009799,0.042266,0.0
IT_03_05,contig_9,5,162,0.979682,0.989789,1.009511,-0.835592,0.0
IT_03_06,Fvb1,5,883031,0.975359,0.987603,0.989946,0.780337,0.0
IT_03_06,Fvb2,5,1056016,0.973662,0.986743,0.989853,0.756613,0.0
IT_03_06,Fvb3,5,1341706,0.972563,0.986186,0.988337,0.917307,0.0
IT_03_06,Fvb4,5,1259613,0.97273,0.986271,0.987938,1.005292,0.0
IT_03_06,Fvb5,5,1056661,0.974285,0.987059,0.989476,0.802133,0.0
IT_03_06,Fvb6,5,1381025,0.974434,0.987134,0.990044,0.776566,0.0
IT_03_06,Fvb7,5,831591,0.974723,0.987281,0.990281,0.698185,0.0
IT_03_06,contig_1,5,15469,0.065959,0.256824,0.324331,0.073458,0.0
IT_03_06,contig_10,5,337,0.95903,0.979301,0.96747,-0.337563,0.0
IT_03_06,contig_12,5,158,0.957971,0.97876,0.963829,0.476311,0.0
IT_03_06,contig_14,5,103,0.000128,0.01131,0.009164,95.477277,0.9097242
IT_03_06,contig_17,5,1636,0.922655,0.960549,0.964808,3.232947,0.0
IT_03_06,contig_2,5,1077,0.911898,0.954934,0.985142,1.081994,0.0
IT_03_06,contig_21,5,1134,0.921241,0.959813,0.966059,2.810114,0.0
IT_03_06,contig_22,5,160,0.973855,0.986841,0.977522,0.01926,0.0
IT_03_06,contig_3,5,355,0.73766,0.858872,1.279085,0.382094,0.0
IT_03_06,contig_5,5,1023,0.905476,0.951565,0.941045,4.881789,0.0
IT_03_06,contig_6,5,1946,0.980769,0.990338,0.995467,0.437525,0.0
IT_03_06,contig_7,5,392,0.929864,0.964294,0.999873,0.846257,0.0
IT_03_06,contig_9,5,404,0.96052,0.980061,0.983424,-0.190596,0.0
IT_04_01,Fvb1,5,811841,0.966115,0.982912,0.976628,0.800136,0.0
IT_04_01,Fvb2,5,951556,0.964096,0.981884,0.975792,0.767161,0.0
IT_04_01,Fvb3,5,1198591,0.960828,0.980218,0.974125,1.02803,0.0
IT_04_01,Fvb4,5,1125185,0.964419,0.982049,0.975975,0.991568,0.0
IT_04_01,Fvb5,5,956642,0.96702,0.983372,0.977729,0.732296,0.0
IT_04_01,Fvb6,5,1269750,0.963723,0.981694,0.97594,0.783019,0.0
IT_04_01,Fvb7,5,752074,0.965777,0.98274,0.976685,0.69064,0.0
IT_04_01,contig_1,5,15243,0.017054,0.13059,0.094644,0.054058,0.0
IT_04_01,contig_10,5,277,0.93365,0.966256,1.006149,0.23978,0.0
IT_04_01,contig_12,5,154,0.941245,0.970178,0.925575,-0.349311,0.0
IT_04_01,contig_14,5,142,0.053166,0.230576,0.219334,74.258331,0.0057686185
IT_04_01,contig_17,5,1629,0.91682,0.957507,0.950878,2.898363,0.0
IT_04_01,contig_2,5,1080,0.855831,0.925111,1.016557,-3.145795,0.0
IT_04_01,contig_21,5,1024,0.818171,0.904528,0.904959,6.469878,0.0
IT_04_01,contig_22,5,134,0.952779,0.976104,0.954334,-1.30661,0.0
IT_04_01,contig_3,5,148,3.6e-05,-0.005992,-0.000665,0.224663,0.9423833
IT_04_01,contig_5,5,1268,0.905349,0.951498,0.937763,4.996607,0.0
IT_04_01,contig_6,5,1975,0.974131,0.986981,0.983283,0.319613,0.0
IT_04_01,contig_7,5,163,0.902553,0.950028,0.920617,6.054438,0.0
IT_04_01,contig_9,5,431,0.971274,0.985532,0.971729,0.173878,0.0
IT_04_03,Fvb1,5,888039,0.972142,0.985972,0.993622,1.03754,0.0
IT_04_03,Fvb2,5,1034344,0.972905,0.98636,0.994784,0.936807,0.0
IT_04_03,Fvb3,5,1315194,0.970119,0.984946,0.992389,1.218832,0.0
IT_04_03,Fvb4,5,1270368,0.969849,0.984809,0.991188,1.276153,0.0
IT_04_03,Fvb5,5,1051544,0.971303,0.985547,0.99364,1.036112,0.0
IT_04_03,Fvb6,5,1398999,0.971454,0.985623,0.994039,1.026442,0.0
IT_04_03,Fvb7,5,831979,0.972615,0.986213,0.995088,0.922599,0.0
IT_04_03,contig_1,5,15472,0.159222,0.399026,0.488335,0.084902,0.0
IT_04_03,contig_10,5,315,0.948147,0.973728,0.938154,0.985389,0.0
IT_04_03,contig_12,5,159,0.969016,0.984386,0.970598,0.298121,0.0
IT_04_03,contig_14,5,122,0.371522,0.609526,0.515475,47.422004,0.0
IT_04_03,contig_17,5,1642,0.859768,0.927237,0.91303,7.683543,0.0
IT_04_03,contig_2,5,1051,0.826876,0.909327,0.963624,3.031224,0.0
IT_04_03,contig_21,5,1053,0.795807,0.89208,0.844905,14.410589,0.0
IT_04_03,contig_22,5,140,0.978445,0.989164,0.958651,2.648004,0.0
IT_04_03,contig_3,5,326,0.455307,0.674764,0.429322,0.598155,0.0
IT_04_03,contig_5,5,1074,0.886144,0.941352,0.918597,7.4817,0.0
IT_04_03,contig_6,5,2202,0.982878,0.991402,0.995077,0.198776,0.0
IT_04_03,contig_7,5,220,0.91655,0.957366,0.946663,4.397525,0.0
IT_04_03,contig_9,5,254,0.977044,0.988455,0.990191,-0.269807,0.0
IT_04_05,Fvb1,5,918977,0.976949,0.988407,0.993165,0.707627,0.0
IT_04_05,Fvb2,5,1069894,0.978159,0.989019,0.994391,0.606784,0.0
IT_04_05,Fvb3,5,1349471,0.976087,0.987971,0.992668,0.759674,0.0
IT_04_05,Fvb4,5,1308449,0.973845,0.986836,0.990805,0.887122,0.0
IT_04_05,Fvb5,5,1077103,0.976888,0.988376,0.993883,0.692521,0.0
IT_04_05,Fvb6,5,1419729,0.977317,0.988593,0.994157,0.66744,0.0
IT_04_05,Fvb7,5,845148,0.9772,0.988534,0.994532,0.617143,0.0
IT_04_05,contig_1,5,15246,0.413295,0.642881,0.6242,0.026752,0.0
IT_04_05,contig_10,5,231,0.970799,0.985291,0.945616,-0.39071,0.0
IT_04_05,contig_12,5,155,0.969426,0.984594,0.95996,2.935204,0.0
IT_04_05,contig_14,5,115,0.00032,0.017888,0.019267,94.766886,0.8495098
IT_04_05,contig_16,5,100,0.911159,0.954546,1.057669,-7.385751,0.0
IT_04_05,contig_17,5,1688,0.921497,0.959946,0.981319,1.27067,0.0
IT_04_05,contig_2,5,1148,0.914152,0.956113,0.962063,3.283555,0.0
IT_04_05,contig_21,5,1084,0.835217,0.913902,0.89057,9.616274,0.0
IT_04_05,contig_22,5,175,0.970345,0.985061,0.986573,0.324095,0.0
IT_04_05,contig_3,5,186,0.866366,0.930788,0.498403,0.105259,0.0
IT_04_05,contig_5,5,1494,0.9175,0.957862,0.951088,4.934556,0.0
IT_04_05,contig_6,5,2225,0.983188,0.991558,0.99644,0.189985,0.0
IT_04_05,contig_7,5,244,0.843735,0.918551,0.969401,2.237519,0.0
IT_04_05,contig_8,5,109,0.027548,0.165977,0.218508,74.225019,0.084553465
IT_04_05,contig_9,5,502,0.961941,0.980786,0.966512,0.204859,0.0
IT_04_06,Fvb1,5,735284,0.965159,0.982425,0.989201,1.080163,0.0
IT_04_06,Fvb2,5,856182,0.965359,0.982527,0.990739,0.90007,0.0
IT_04_06,Fvb3,5,1083838,0.962062,0.980848,0.987651,1.238804,0.0
IT_04_06,Fvb4,5,1028467,0.963189,0.981422,0.987442,1.252666,0.0
IT_04_06,Fvb5,5,862327,0.964319,0.981997,0.989916,1.035742,0.0
IT_04_06,Fvb6,5,1142917,0.964451,0.982065,0.990281,1.024767,0.0
IT_04_06,Fvb7,5,678307,0.9653,0.982497,0.991336,0.866002,0.0
IT_04_06,contig_1,5,15245,0.074528,0.272998,0.302593,0.041766,0.0
IT_04_06,contig_10,5,349,0.979853,0.989875,0.980691,0.151685,0.0
IT_04_06,contig_12,5,164,0.960281,0.979939,0.937249,1.262188,0.0
IT_04_06,contig_16,5,107,0.840824,0.916964,1.011288,-3.567436,0.0
IT_04_06,contig_17,5,1618,0.883215,0.939795,0.919547,6.942362,0.0
IT_04_06,contig_2,5,1053,0.869874,0.93267,0.999918,-0.328075,0.0
IT_04_06,contig_21,5,938,0.877606,0.936806,0.956028,3.408466,0.0
IT_04_06,contig_22,5,139,0.965083,0.982386,1.020705,-1.163479,0.0
IT_04_06,contig_3,5,174,0.600475,0.774903,0.302432,0.557056,0.0
IT_04_06,contig_5,5,1184,0.896095,0.946623,0.948014,5.636625,0.0
IT_04_06,contig_6,5,1785,0.975953,0.987904,0.999645,0.278596,0.0
IT_04_06,contig_7,5,256,0.915441,0.956787,0.963671,2.6323,0.0
IT_04_06,contig_9,5,368,0.970258,0.985017,0.973306,0.301305,0.0
IT_05_01,Fvb1,5,901380,0.967843,0.98379,0.982709,0.633177,0.0
IT_05_01,Fvb2,5,1084179,0.96748,0.983605,0.982805,0.593947,0.0
IT_05_01,Fvb3,5,1346427,0.965688,0.982694,0.982479,0.792537,0.0
IT_05_01,Fvb4,5,1251747,0.96558,0.982639,0.983083,0.848899,0.0
IT_05_01,Fvb5,5,1059849,0.966634,0.983176,0.982339,0.643287,0.0
IT_05_01,Fvb6,5,1399271,0.967288,0.983508,0.982749,0.598848,0.0
IT_05_01,Fvb7,5,825085,0.968283,0.984014,0.982805,0.487566,0.0
IT_05_01,contig_1,5,15062,0.049166,0.221734,0.211588,0.037366,0.0
IT_05_01,contig_10,5,323,0.972143,0.985973,1.002836,0.303055,0.0
IT_05_01,contig_12,5,194,0.979844,0.989871,0.996533,0.09662,0.0
IT_05_01,contig_17,5,1661,0.917883,0.958062,0.934896,6.223263,0.0
IT_05_01,contig_2,5,1103,0.903922,0.950748,0.922757,7.08139,0.0
IT_05_01,contig_21,5,1135,0.874007,0.934884,0.93833,5.537662,0.0
IT_05_01,contig_22,5,163,0.963097,0.981375,0.996838,0.079759,0.0
IT_05_01,contig_3,5,552,0.082737,0.287641,0.284673,0.565666,0.0
IT_05_01,contig_5,5,1078,0.88276,0.939553,0.95735,2.203313,0.0
IT_05_01,contig_6,5,1757,0.973758,0.986792,0.994486,0.289931,0.0
IT_05_01,contig_7,5,224,0.964074,0.981873,0.994992,-0.263804,0.0
IT_05_01,contig_9,5,452,0.98501,0.992477,0.988206,0.423877,0.0
IT_05_03,Fvb1,5,837263,0.971252,0.985521,0.9893,0.86259,0.0
IT_05_03,Fvb2,5,1019632,0.971421,0.985607,0.989127,0.804707,0.0
IT_05_03,Fvb3,5,1240763,0.966935,0.983328,0.98755,1.067513,0.0
IT_05_03,Fvb4,5,1177852,0.971704,0.98575,0.989271,1.020419,0.0
IT_05_03,Fvb5,5,981044,0.969748,0.984758,0.98859,0.880644,0.0
IT_05_03,Fvb6,5,1313694,0.97334,0.98658,0.990334,0.767114,0.0
IT_05_03,Fvb7,5,770492,0.973296,0.986557,0.990341,0.669508,0.0
IT_05_03,contig_1,5,15471,0.015586,0.124845,0.136768,0.0894,0.0
IT_05_03,contig_10,5,366,0.959871,0.97973,0.913081,0.587716,0.0
IT_05_03,contig_12,5,165,0.96138,0.9805,0.971029,1.392175,0.0
IT_05_03,contig_17,5,1614,0.921955,0.960185,0.949417,4.965793,0.0
IT_05_03,contig_2,5,1039,0.706854,0.840746,0.733873,25.250298,0.0
IT_05_03,contig_21,5,1018,0.792742,0.890361,0.899002,9.572016,0.0
IT_05_03,contig_22,5,135,0.935474,0.967199,0.935091,3.429442,0.0
IT_05_03,contig_3,5,543,0.008847,0.09406,0.085701,0.557914,0.028405936
IT_05_03,contig_5,5,582,0.945847,0.972547,0.980966,0.994656,0.0
IT_05_03,contig_6,5,1873,0.970404,0.985091,0.990741,0.447869,0.0
IT_05_03,contig_7,5,237,0.922343,0.960387,0.983256,0.453009,0.0
IT_05_03,contig_9,5,219,0.968754,0.984253,0.971887,3.581718,0.0
IT_05_05,Fvb1,5,957905,0.980467,0.990185,0.987044,0.358755,0.0
IT_05_05,Fvb2,5,1111740,0.981346,0.990629,0.987926,0.279303,0.0
IT_05_05,Fvb3,5,1447934,0.978899,0.989393,0.986662,0.441418,0.0
IT_05_05,Fvb4,5,1363825,0.978532,0.989208,0.986157,0.489911,0.0
IT_05_05,Fvb5,5,1109688,0.980242,0.990072,0.986968,0.353538,0.0
IT_05_05,Fvb6,5,1499382,0.980882,0.990395,0.987934,0.318585,0.0
IT_05_05,Fvb7,5,876820,0.979864,0.989881,0.986426,0.314107,0.0
IT_05_05,contig_1,5,15473,0.426395,0.652989,0.570585,0.018052,0.0
IT_05_05,contig_10,5,264,0.974313,0.987073,0.982548,0.202892,0.0
IT_05_05,contig_12,5,168,0.972253,0.986029,0.957748,1.155795,0.0
IT_05_05,contig_14,5,104,0.069235,0.263126,0.374834,58.852554,0.0069617806
IT_05_05,contig_17,5,1711,0.940471,0.969779,0.947552,4.139491,0.0
IT_05_05,contig_2,5,1134,0.89076,0.943801,0.931246,5.576304,0.0
IT_05_05,contig_21,5,1142,0.913698,0.955876,0.970139,1.269425,0.0
IT_05_05,contig_22,5,192,0.980384,0.990143,0.966588,0.082863,0.0
IT_05_05,contig_3,5,753,0.016237,0.127424,0.136866,0.596255,0.0004564396
IT_05_05,contig_5,5,820,0.945976,0.972613,0.983932,-0.313266,0.0
IT_05_05,contig_6,5,2370,0.986065,0.993008,0.984447,0.239052,0.0
IT_05_05,contig_7,5,289,0.957308,0.978421,0.983502,0.937823,0.0
IT_05_05,contig_8,5,112,0.509078,0.713497,0.868799,10.51072,0.0
IT_05_05,contig_9,5,442,0.97845,0.989166,1.001737,0.611948,0.0
IT_05_06,Fvb1,5,869135,0.968225,0.983984,0.979556,0.561844,0.0
IT_05_06,Fvb2,5,1040725,0.968285,0.984015,0.979996,0.502986,0.0
IT_05_06,Fvb3,5,1292207,0.969617,0.984691,0.981036,0.586294,0.0
IT_05_06,Fvb4,5,1233541,0.968644,0.984197,0.981252,0.651832,0.0
IT_05_06,Fvb5,5,1023030,0.970789,0.985286,0.981947,0.430368,0.0
IT_05_06,Fvb6,5,1362941,0.970443,0.98511,0.981993,0.433399,0.0
IT_05_06,Fvb7,5,794540,0.970463,0.985121,0.980738,0.39604,0.0
IT_05_06,contig_1,5,15473,0.009664,0.098308,0.07498,0.043022,0.0
IT_05_06,contig_10,5,372,0.964163,0.981918,0.965897,0.147621,0.0
IT_05_06,contig_12,5,208,0.977268,0.988568,0.995745,0.148965,0.0
IT_05_06,contig_14,5,120,0.045909,0.214264,0.224447,72.31529,0.018776411
IT_05_06,contig_16,5,106,0.934619,0.966757,0.934334,5.691275,0.0
IT_05_06,contig_17,5,1632,0.900279,0.94883,0.927165,6.098111,0.0
IT_05_06,contig_2,5,1071,0.903104,0.950318,0.916506,7.054114,0.0
IT_05_06,contig_21,5,1021,0.744733,0.862979,0.833375,14.406609,0.0
IT_05_06,contig_22,5,176,0.979024,0.989456,0.97155,0.905488,0.0
IT_05_06,contig_3,5,388,0.537051,0.732837,0.641618,0.233225,0.0
IT_05_06,contig_5,5,622,0.940893,0.969996,0.976748,0.554294,0.0
IT_05_06,contig_6,5,1927,0.971068,0.985428,0.988717,0.092083,0.0
IT_05_06,contig_7,5,422,0.965438,0.982567,0.972054,1.34257,0.0
IT_05_06,contig_9,5,312,0.982622,0.991273,0.991244,0.016137,0.0
IT_06_01,Fvb1,5,805079,0.9663,0.983006,0.978031,0.647098,0.0
IT_06_01,Fvb2,5,966387,0.966793,0.983256,0.978163,0.5548,0.0
IT_06_01,Fvb3,5,1181934,0.96515,0.982421,0.978094,0.715511,0.0
IT_06_01,Fvb4,5,1139978,0.965948,0.982827,0.978891,0.806998,0.0
IT_06_01,Fvb5,5,940006,0.966883,0.983302,0.978101,0.610483,0.0
IT_06_01,Fvb6,5,1264977,0.966615,0.983166,0.978142,0.568602,0.0
IT_06_01,Fvb7,5,744317,0.967795,0.983766,0.978376,0.489559,0.0
IT_06_01,contig_1,5,15244,0.064538,0.254043,0.226564,0.048383,0.0
IT_06_01,contig_10,5,215,0.925823,0.962197,0.89104,0.30089,0.0
IT_06_01,contig_12,5,109,0.903176,0.950356,0.967417,-0.76776,0.0
IT_06_01,contig_17,5,1619,0.904643,0.951127,0.959059,2.937842,0.0
IT_06_01,contig_2,5,1009,0.795903,0.892134,0.838706,14.849983,0.0
IT_06_01,contig_21,5,953,0.728806,0.853702,0.883023,9.335406,0.0
IT_06_01,contig_22,5,106,0.969237,0.984498,0.993168,1.017384,0.0
IT_06_01,contig_3,5,365,0.002415,0.049145,0.073305,0.890752,0.34914106
IT_06_01,contig_5,5,489,0.928822,0.963754,0.974199,-0.704211,0.0
IT_06_01,contig_6,5,1721,0.975044,0.987443,0.985964,0.207108,0.0
IT_06_01,contig_7,5,161,0.746236,0.863849,0.852665,11.127798,0.0
IT_06_01,contig_9,5,266,0.971488,0.985641,0.947172,-0.069212,0.0
IT_06_02,Fvb1,5,960266,0.982811,0.991368,1.003534,0.523717,0.0
IT_06_02,Fvb2,5,1126264,0.983537,0.991734,1.003245,0.511479,0.0
IT_06_02,Fvb3,5,1409456,0.981831,0.990874,1.003027,0.623146,0.0
IT_06_02,Fvb4,5,1338948,0.981007,0.990458,1.002866,0.665449,0.0
IT_06_02,Fvb5,5,1106940,0.982868,0.991397,1.003536,0.496857,0.0
IT_06_02,Fvb6,5,1460460,0.981279,0.990595,1.003441,0.496505,0.0
IT_06_02,Fvb7,5,857010,0.983399,0.991665,1.003933,0.404261,0.0
IT_06_02,contig_1,5,15062,0.440162,0.663447,0.922952,0.071071,0.0
IT_06_02,contig_10,5,327,0.972944,0.986379,1.010949,0.849647,0.0
IT_06_02,contig_12,5,223,0.981698,0.990807,1.023338,0.177533,0.0
IT_06_02,contig_14,5,136,0.174471,0.417698,0.442957,54.255627,4.205e-07
IT_06_02,contig_17,5,1614,0.919889,0.959108,0.96287,4.268943,0.0
IT_06_02,contig_2,5,1149,0.948327,0.973821,0.945457,6.145156,0.0
IT_06_02,contig_21,5,1075,0.896617,0.946898,0.937043,6.871705,0.0
IT_06_02,contig_22,5,175,0.978648,0.989266,1.000387,-0.001018,0.0
IT_06_02,contig_3,5,565,0.276591,0.525919,1.535918,0.228167,0.0
IT_06_02,contig_5,5,793,0.964163,0.981918,0.994397,0.837371,0.0
IT_06_02,contig_6,5,1881,0.990065,0.99502,1.006788,0.0961,0.0
IT_06_02,contig_7,5,305,0.943565,0.971373,0.980511,1.351142,0.0
IT_06_02,contig_8,5,106,0.617576,0.78586,0.846683,15.395134,0.0
IT_06_02,contig_9,5,449,0.983244,0.991586,0.988053,0.269603,0.0
IT_06_04,Fvb1,5,752120,0.963546,0.981604,0.980142,0.939976,0.0
IT_06_04,Fvb2,5,893394,0.963268,0.981462,0.97997,0.844476,0.0
IT_06_04,Fvb3,5,1128930,0.962343,0.980991,0.98021,1.055701,0.0
IT_06_04,Fvb4,5,1053100,0.961457,0.980539,0.980158,1.160918,0.0
IT_06_04,Fvb5,5,882684,0.963533,0.981597,0.979664,0.90355,0.0
IT_06_04,Fvb6,5,1180677,0.964038,0.981854,0.980385,0.844454,0.0
IT_06_04,Fvb7,5,691605,0.964105,0.981888,0.979689,0.732289,0.0
IT_06_04,contig_1,5,15233,0.26171,0.511576,0.857173,0.005379,0.0
IT_06_04,contig_10,5,301,0.969199,0.984479,0.975188,-0.175966,0.0
IT_06_04,contig_12,5,146,0.963921,0.981795,0.992894,-1.177619,0.0
IT_06_04,contig_14,5,133,2.2e-05,-0.004647,-0.003031,96.301729,0.9576652
IT_06_04,contig_17,5,1528,0.831046,0.911617,0.909923,8.686979,0.0
IT_06_04,contig_2,5,1047,0.860238,0.92749,0.960563,3.864775,0.0
IT_06_04,contig_21,5,888,0.587996,0.766809,0.743598,23.47831,0.0
IT_06_04,contig_22,5,144,0.969913,0.984841,0.949561,0.847937,0.0
IT_06_04,contig_3,5,428,0.629811,0.793607,1.288566,0.008791,0.0
IT_06_04,contig_5,5,762,0.863847,0.929434,0.931961,5.682073,0.0
IT_06_04,contig_6,5,1595,0.964466,0.982072,0.961202,0.321291,0.0
IT_06_04,contig_7,5,201,0.881691,0.938984,0.885192,10.138791,0.0
IT_06_04,contig_9,5,383,0.982324,0.991123,1.00596,-0.228221,0.0
IT_06_06,Fvb1,5,905866,0.975662,0.987756,0.98472,0.591373,0.0
IT_06_06,Fvb2,5,1088660,0.974395,0.987114,0.983888,0.610119,0.0
IT_06_06,Fvb3,5,1375523,0.974946,0.987394,0.98426,0.69346,0.0
IT_06_06,Fvb4,5,1323792,0.974316,0.987075,0.983294,0.790032,0.0
IT_06_06,Fvb5,5,1052603,0.976838,0.988351,0.985808,0.512132,0.0
IT_06_06,Fvb6,5,1412485,0.974186,0.987008,0.984493,0.592268,0.0
IT_06_06,Fvb7,5,844049,0.977529,0.988701,0.98653,0.455442,0.0
IT_06_06,contig_1,5,15063,0.029402,0.171469,0.187463,0.047291,0.0
IT_06_06,contig_10,5,323,0.955144,0.977315,0.912264,0.084411,0.0
IT_06_06,contig_12,5,193,0.972583,0.986196,0.928024,1.941418,0.0
IT_06_06,contig_14,5,158,0.00168,0.040993,0.039269,92.002234,0.6090708
IT_06_06,contig_16,5,136,0.94606,0.972656,0.971089,1.46947,0.0
IT_06_06,contig_17,5,1561,0.880909,0.938567,0.939366,4.378291,0.0
IT_06_06,contig_2,5,1099,0.845642,0.919588,0.818253,16.586515,0.0
IT_06_06,contig_21,5,1127,0.886136,0.941348,0.933739,5.762968,0.0
IT_06_06,contig_22,5,186,0.973681,0.986753,0.970766,1.18289,0.0
IT_06_06,contig_3,5,1035,0.000931,0.030509,0.031462,0.829946,0.32680422
IT_06_06,contig_4,5,111,0.88861,0.942661,0.916863,6.251235,0.0
IT_06_06,contig_5,5,665,0.937414,0.968201,0.979132,0.300181,0.0
IT_06_06,contig_6,5,1837,0.978848,0.989368,0.988583,0.078537,0.0
IT_06_06,contig_7,5,264,0.959706,0.979646,0.968168,1.261863,0.0
IT_06_06,contig_8,5,104,0.033355,0.182634,0.244877,71.880035,0.06350471
IT_06_06,contig_9,5,285,0.947789,0.973545,0.893386,2.438083,0.0
IT_07_02,Fvb1,5,757151,0.967475,0.983603,0.981923,1.194745,0.0
IT_07_02,Fvb2,5,915344,0.966914,0.983318,0.981916,1.142752,0.0
IT_07_02,Fvb3,5,1137502,0.9642,0.981937,0.980105,1.393165,0.0
IT_07_02,Fvb4,5,1090179,0.964683,0.982183,0.979776,1.476273,0.0
IT_07_02,Fvb5,5,910378,0.965911,0.982808,0.981487,1.214197,0.0
IT_07_02,Fvb6,5,1201032,0.965949,0.982827,0.982039,1.151229,0.0
IT_07_02,Fvb7,5,725169,0.966662,0.98319,0.982122,1.08057,0.0
IT_07_02,contig_1,5,15239,0.052923,0.23005,0.243361,0.084921,0.0
IT_07_02,contig_10,5,339,0.961613,0.980619,0.943024,0.301698,0.0
IT_07_02,contig_12,5,162,0.969162,0.98446,0.933872,0.434391,0.0
IT_07_02,contig_17,5,1273,0.834975,0.91377,0.898449,8.913229,0.0
IT_07_02,contig_2,5,1072,0.87665,0.936296,0.863648,12.979146,0.0
IT_07_02,contig_21,5,924,0.766821,0.875683,0.823315,15.598553,0.0
IT_07_02,contig_22,5,158,0.969218,0.984488,0.956834,-0.08726,0.0
IT_07_02,contig_3,5,336,0.265228,0.515003,0.318971,0.444981,0.0
IT_07_02,contig_5,5,563,0.938322,0.96867,0.969626,2.861,0.0
IT_07_02,contig_6,5,1681,0.974316,0.987074,0.985731,0.375804,0.0
IT_07_02,contig_7,5,212,0.921982,0.960199,0.939794,4.605881,0.0
IT_07_02,contig_9,5,235,0.977046,0.988456,0.967852,0.22134,0.0
IT_07_04,Fvb1,5,732277,0.968502,0.984125,0.982748,1.288405,0.0
IT_07_04,Fvb2,5,891132,0.968899,0.984327,0.98317,1.194497,0.0
IT_07_04,Fvb3,5,1105303,0.966317,0.983014,0.980744,1.477204,0.0
IT_07_04,Fvb4,5,1050949,0.969314,0.984538,0.982455,1.447935,0.0
IT_07_04,Fvb5,5,871526,0.967952,0.983846,0.982553,1.268666,0.0
IT_07_04,Fvb6,5,1160001,0.967233,0.98348,0.982879,1.253686,0.0
IT_07_04,Fvb7,5,691113,0.972358,0.986082,0.986048,1.006141,0.0
IT_07_04,contig_1,5,15240,0.033156,0.182089,0.119469,0.04905,0.0
IT_07_04,contig_10,5,337,0.964293,0.981984,0.959623,1.048057,0.0
IT_07_04,contig_12,5,174,0.96096,0.980286,0.951009,0.698289,0.0
IT_07_04,contig_14,5,109,0.013742,-0.117227,-0.083207,104.404521,0.2247588
IT_07_04,contig_17,5,1562,0.89502,0.946055,0.89228,9.991007,0.0
IT_07_04,contig_2,5,1059,0.785811,0.88646,0.810686,17.564517,0.0
IT_07_04,contig_21,5,861,0.921748,0.960077,0.931973,5.922874,0.0
IT_07_04,contig_22,5,156,0.979499,0.989696,0.932742,1.018508,0.0
IT_07_04,contig_3,5,373,0.494565,0.703253,0.523032,0.694883,0.0
IT_07_04,contig_5,5,458,0.946067,0.97266,0.956656,3.774545,0.0
IT_07_04,contig_6,5,1742,0.973738,0.986781,0.984838,0.438055,0.0
IT_07_04,contig_7,5,293,0.951228,0.975309,0.963305,2.106588,0.0
IT_07_04,contig_9,5,275,0.965674,0.982687,0.98236,0.681256,0.0
IT_07_05,Fvb1,5,802632,0.96842,0.984083,0.984175,1.255563,0.0
IT_07_05,Fvb2,5,988424,0.968651,0.984201,0.984615,1.193857,0.0
IT_07_05,Fvb3,5,1220476,0.970597,0.985189,0.985333,1.264252,0.0
IT_07_05,Fvb4,5,1141664,0.966628,0.983172,0.982242,1.477851,0.0
IT_07_05,Fvb5,5,972165,0.971587,0.985691,0.986365,1.133009,0.0
IT_07_05,Fvb6,5,1285835,0.968904,0.984329,0.985194,1.188748,0.0
IT_07_05,Fvb7,5,766108,0.968831,0.984292,0.985284,1.117838,0.0
IT_07_05,contig_1,5,15056,0.019851,0.140895,0.139161,0.079873,0.0
IT_07_05,contig_10,5,327,0.92086,0.959615,0.899008,0.328418,0.0
IT_07_05,contig_12,5,178,0.971319,0.985555,0.994915,-0.012163,0.0
IT_07_05,contig_17,5,1638,0.921029,0.959703,0.947286,5.047061,0.0
IT_07_05,contig_2,5,1055,0.846104,0.919839,0.881174,10.657162,0.0
IT_07_05,contig_21,5,985,0.797446,0.892998,0.864333,12.127494,0.0
IT_07_05,contig_22,5,164,0.969822,0.984795,0.946028,-0.039667,0.0
IT_07_05,contig_3,5,334,9e-06,-0.002965,-0.006868,1.661788,0.9569463
IT_07_05,contig_5,5,1023,0.850683,0.922325,0.884896,10.111116,0.0
IT_07_05,contig_6,5,1689,0.9703,0.985038,0.989763,0.524227,0.0
IT_07_05,contig_7,5,297,0.942556,0.970853,0.97407,0.440089,0.0
IT_07_05,contig_9,5,343,0.978484,0.989183,0.945322,-0.579475,0.0
IT_07_07,Fvb1,5,853307,0.970871,0.985328,0.984372,0.91934,0.0
IT_07_07,Fvb2,5,1020355,0.970706,0.985244,0.983702,0.880163,0.0
IT_07_07,Fvb3,5,1281008,0.96858,0.984164,0.983368,1.078525,0.0
IT_07_07,Fvb4,5,1204887,0.968878,0.984316,0.983473,1.171662,0.0
IT_07_07,Fvb5,5,1013554,0.969889,0.98483,0.983869,0.949189,0.0
IT_07_07,Fvb6,5,1338839,0.970407,0.985092,0.984384,0.87077,0.0
IT_07_07,Fvb7,5,807863,0.9713,0.985545,0.984737,0.791193,0.0
IT_07_07,contig_1,5,15245,0.174381,0.41759,0.480224,0.048526,0.0
IT_07_07,contig_10,5,323,0.950418,0.974894,0.908866,1.310686,0.0
IT_07_07,contig_12,5,153,0.93943,0.969242,0.934406,0.727059,0.0
IT_07_07,contig_14,5,121,0.002304,-0.047999,-0.049468,100.494644,0.6011099
IT_07_07,contig_17,5,1678,0.781533,0.884044,0.861639,12.011606,0.0
IT_07_07,contig_2,5,1083,0.801574,0.895306,0.861943,12.553163,0.0
IT_07_07,contig_21,5,1020,0.618156,0.786229,0.694001,27.986215,0.0
IT_07_07,contig_22,5,106,0.971074,0.985431,0.995936,0.379789,0.0
IT_07_07,contig_3,5,356,0.685012,0.827655,0.402411,0.195475,0.0
IT_07_07,contig_5,5,981,0.881693,0.938985,0.936922,4.853493,0.0
IT_07_07,contig_6,5,2146,0.977047,0.988457,0.990894,0.462221,0.0
IT_07_07,contig_7,5,284,0.915214,0.956668,0.956964,2.484901,0.0
IT_07_07,contig_9,5,242,0.975945,0.9879,0.970207,1.316799,0.0
IT_01_01,Fvb1,10,610855,0.9728,0.986306,0.993191,1.043307,0.0
IT_01_01,Fvb2,10,739869,0.974665,0.987251,0.995631,0.914453,0.0
IT_01_01,Fvb3,10,893478,0.971435,0.985614,0.992894,1.14877,0.0
IT_01_01,Fvb4,10,812495,0.972553,0.986181,0.991947,1.134517,0.0
IT_01_01,Fvb5,10,725382,0.97296,0.986388,0.993909,1.031761,0.0
IT_01_01,Fvb6,10,964579,0.972431,0.986119,0.993649,0.997183,0.0
IT_01_01,Fvb7,10,584907,0.973076,0.986446,0.994937,0.936766,0.0
IT_01_01,contig_1,10,15231,0.068484,0.261694,0.313321,0.078079,0.0
IT_01_01,contig_10,10,154,0.93533,0.967124,0.97196,0.709471,0.0
IT_01_01,contig_12,10,106,0.935024,0.966966,0.96137,3.368691,0.0
IT_01_01,contig_17,10,1408,0.883742,0.940075,0.904835,8.674149,0.0
IT_01_01,contig_2,10,824,0.698546,0.835791,0.828338,16.371245,0.0
IT_01_01,contig_21,10,767,0.832096,0.912193,0.913144,7.622392,0.0
IT_01_01,contig_5,10,1033,0.932845,0.965839,0.944404,6.037642,0.0
IT_01_01,contig_6,10,1596,0.984926,0.992434,0.99713,0.367924,0.0
IT_01_01,contig_7,10,100,0.47276,0.687576,0.780348,19.097383,0.0
IT_01_01,contig_9,10,189,0.984193,0.992065,0.983445,-0.288985,0.0
IT_01_03,Fvb1,10,421660,0.966458,0.983086,0.98521,2.193312,0.0
IT_01_03,Fvb2,10,465650,0.968467,0.984107,0.986264,2.098477,0.0
IT_01_03,Fvb3,10,623656,0.965525,0.982611,0.983894,2.281005,0.0
IT_01_03,Fvb4,10,601114,0.960153,0.979874,0.97907,2.728758,0.0
IT_01_03,Fvb5,10,486115,0.968113,0.983927,0.986968,2.013708,0.0
IT_01_03,Fvb6,10,634301,0.96599,0.982848,0.985872,2.17167,0.0
IT_01_03,Fvb7,10,367993,0.966281,0.982996,0.985898,2.129973,0.0
IT_01_03,contig_1,10,15064,0.195539,0.442198,2.459875,0.571242,0.0
IT_01_03,contig_17,10,1290,0.903748,0.950657,0.945909,5.345836,0.0
IT_01_03,contig_2,10,875,0.749073,0.86549,0.784278,20.625072,0.0
IT_01_03,contig_21,10,708,0.794114,0.891131,0.869104,11.825484,0.0
IT_01_03,contig_3,10,113,0.959954,0.979772,1.235624,0.55299,0.0
IT_01_03,contig_5,10,936,0.894807,0.945942,0.906496,10.075395,0.0
IT_01_03,contig_6,10,1036,0.985032,0.992488,1.007858,0.395754,0.0
IT_01_03,contig_9,10,182,0.969618,0.984692,1.001482,0.463714,0.0
IT_01_05,Fvb1,10,821436,0.979212,0.989552,0.992701,0.802706,0.0
IT_01_05,Fvb2,10,963711,0.980016,0.989958,0.994325,0.709228,0.0
IT_01_05,Fvb3,10,1188471,0.977986,0.988932,0.992363,0.84111,0.0
IT_01_05,Fvb4,10,1094168,0.978341,0.989111,0.991626,0.884246,0.0
IT_01_05,Fvb5,10,959054,0.97905,0.989469,0.993612,0.76721,0.0
IT_01_05,Fvb6,10,1268781,0.977753,0.988814,0.992863,0.798857,0.0
IT_01_05,Fvb7,10,762786,0.978162,0.989021,0.993211,0.763306,0.0
IT_01_05,contig_1,10,15239,0.236525,0.486338,0.585613,0.073369,0.0
IT_01_05,contig_10,10,237,0.966108,0.982908,0.999994,-0.810009,0.0
IT_01_05,contig_12,10,175,0.978498,0.98919,0.978411,-0.359965,0.0
IT_01_05,contig_14,10,102,8.9e-05,-0.009409,-0.011233,96.667007,0.92521924
IT_01_05,contig_17,10,1533,0.915021,0.956567,0.986539,0.458942,0.0
IT_01_05,contig_2,10,1007,0.934104,0.96649,0.980625,1.296397,0.0
IT_01_05,contig_21,10,1036,0.844771,0.919114,0.932669,4.928363,0.0
IT_01_05,contig_22,10,162,0.974827,0.987333,0.988709,-0.821126,0.0
IT_01_05,contig_3,10,106,0.96018,0.979888,0.800269,0.047444,0.0
IT_01_05,contig_5,10,1382,0.930492,0.96462,0.954022,4.543258,0.0
IT_01_05,contig_6,10,1993,0.985689,0.992819,0.988222,0.235706,0.0
IT_01_05,contig_7,10,153,0.917034,0.957619,0.976704,2.419888,0.0
IT_01_05,contig_9,10,369,0.977163,0.988515,0.998001,0.27161,0.0
IT_01_06,Fvb1,10,512083,0.973733,0.986779,0.989,0.520116,0.0
IT_01_06,Fvb2,10,574428,0.975611,0.98773,0.990502,0.345715,0.0
IT_01_06,Fvb3,10,760246,0.973284,0.986552,0.989264,0.52663,0.0
IT_01_06,Fvb4,10,719897,0.969538,0.984651,0.987639,0.621555,0.0
IT_01_06,Fvb5,10,594890,0.974977,0.987409,0.990004,0.435486,0.0
IT_01_06,Fvb6,10,784603,0.973511,0.986667,0.98931,0.426429,0.0
IT_01_06,Fvb7,10,459933,0.973207,0.986513,0.98935,0.396326,0.0
IT_01_06,contig_1,10,15136,0.126504,0.355674,0.235421,0.073746,0.0
IT_01_06,contig_10,10,106,0.942039,0.970587,0.931465,0.410996,0.0
IT_01_06,contig_12,10,104,0.923909,0.961202,0.970059,-0.418683,0.0
IT_01_06,contig_17,10,1368,0.886613,0.941602,0.967062,2.342146,0.0
IT_01_06,contig_2,10,892,0.816944,0.90385,0.911289,8.197249,0.0
IT_01_06,contig_21,10,814,0.80015,0.894511,0.923486,5.750459,0.0
IT_01_06,contig_3,10,105,0.764613,0.874421,0.204072,0.164186,0.0
IT_01_06,contig_5,10,1098,0.919647,0.958982,0.947359,4.645417,0.0
IT_01_06,contig_6,10,1321,0.987796,0.993879,1.001605,0.067295,0.0
IT_01_06,contig_9,10,194,0.962802,0.981225,0.974897,-0.091196,0.0
IT_02_01,Fvb1,10,827368,0.98101,0.990459,0.98804,0.581977,0.0
IT_02_01,Fvb2,10,1002100,0.983614,0.991773,0.989396,0.490966,0.0
IT_02_01,Fvb3,10,1237195,0.980787,0.990347,0.988313,0.614016,0.0
IT_02_01,Fvb4,10,1144878,0.978815,0.989351,0.986976,0.714603,0.0
IT_02_01,Fvb5,10,978440,0.98236,0.991141,0.989367,0.510784,0.0
IT_02_01,Fvb6,10,1288222,0.982822,0.991374,0.98926,0.495233,0.0
IT_02_01,Fvb7,10,777718,0.983552,0.991742,0.98956,0.455089,0.0
IT_02_01,contig_1,10,15469,0.012003,0.109559,0.109638,0.039349,0.0
IT_02_01,contig_10,10,215,0.965677,0.982689,0.940208,0.104054,0.0
IT_02_01,contig_12,10,120,0.974007,0.986918,0.929903,-0.462589,0.0
IT_02_01,contig_17,10,1616,0.941045,0.970075,0.968214,2.601192,0.0
IT_02_01,contig_2,10,1037,0.86456,0.929817,0.896327,9.517744,0.0
IT_02_01,contig_21,10,1036,0.88937,0.943064,0.94761,3.565016,0.0
IT_02_01,contig_22,10,131,0.965538,0.982618,0.962126,2.030957,0.0
IT_02_01,contig_3,10,283,0.027516,0.16588,0.167509,0.373071,0.005148617
IT_02_01,contig_5,10,1288,0.946656,0.972963,0.961412,3.037741,0.0
IT_02_01,contig_6,10,1950,0.988456,0.994211,0.989742,0.140446,0.0
IT_02_01,contig_7,10,109,0.952138,0.975776,0.97514,1.320284,0.0
IT_02_01,contig_9,10,234,0.974999,0.98742,0.944388,1.158679,0.0
IT_02_03,Fvb1,10,830054,0.978735,0.989311,0.987648,0.795635,0.0
IT_02_03,Fvb2,10,1005326,0.977803,0.988839,0.988181,0.756712,0.0
IT_02_03,Fvb3,10,1230386,0.977152,0.98851,0.986934,0.877907,0.0
IT_02_03,Fvb4,10,1166731,0.976674,0.988268,0.986457,0.910484,0.0
IT_02_03,Fvb5,10,987534,0.977295,0.988582,0.987579,0.814514,0.0
IT_02_03,Fvb6,10,1290248,0.97823,0.989055,0.988149,0.77953,0.0
IT_02_03,Fvb7,10,768664,0.977991,0.988934,0.988232,0.706504,0.0
IT_02_03,contig_1,10,15216,0.113903,0.337495,0.339377,0.05156,0.0
IT_02_03,contig_10,10,315,0.96901,0.984383,0.892438,0.131778,0.0
IT_02_03,contig_12,10,137,0.945277,0.972254,0.940963,0.676521,0.0
IT_02_03,contig_17,10,1536,0.910859,0.954389,0.951799,4.266315,0.0
IT_02_03,contig_2,10,980,0.896492,0.946833,0.986373,1.043686,0.0
IT_02_03,contig_21,10,1036,0.863256,0.929116,0.915925,6.974506,0.0
IT_02_03,contig_22,10,145,0.950871,0.975126,0.987952,0.745246,0.0
IT_02_03,contig_3,10,350,0.720198,0.848645,1.636695,0.021587,0.0
IT_02_03,contig_5,10,1283,0.926964,0.96279,0.958695,3.950055,0.0
IT_02_03,contig_6,10,1796,0.985857,0.992903,0.991862,0.389074,0.0
IT_02_03,contig_7,10,181,0.956695,0.978108,0.972287,0.712724,0.0
IT_02_03,contig_9,10,133,0.977059,0.988463,0.95842,0.433297,0.0
IT_02_05,Fvb1,10,824140,0.980509,0.990207,0.991055,0.445605,0.0
IT_02_05,Fvb2,10,1015296,0.980317,0.990109,0.990925,0.425202,0.0
IT_02_05,Fvb3,10,1271821,0.979909,0.989903,0.991345,0.573304,0.0
IT_02_05,Fvb4,10,1172619,0.979643,0.989769,0.991599,0.604619,0.0
IT_02_05,Fvb5,10,993723,0.979398,0.989645,0.990965,0.456245,0.0
IT_02_05,Fvb6,10,1306625,0.981329,0.990621,0.991424,0.426338,0.0
IT_02_05,Fvb7,10,771424,0.980499,0.990202,0.990515,0.378236,0.0
IT_02_05,contig_1,10,15056,0.037569,0.193828,0.173938,0.037326,0.0
IT_02_05,contig_10,10,124,0.968874,0.984314,0.987855,0.544419,0.0
IT_02_05,contig_12,10,117,0.975178,0.987511,1.020401,-0.317712,0.0
IT_02_05,contig_17,10,1379,0.895618,0.946371,0.924197,6.967579,0.0
IT_02_05,contig_2,10,1057,0.944347,0.971775,0.96265,3.675396,0.0
IT_02_05,contig_21,10,1071,0.902882,0.950201,0.964281,3.389176,0.0
IT_02_05,contig_22,10,132,0.987116,0.993537,0.990264,0.50926,0.0
IT_02_05,contig_3,10,238,0.919593,0.958954,1.106996,-0.117646,0.0
IT_02_05,contig_5,10,966,0.926596,0.962599,0.973378,2.427863,0.0
IT_02_05,contig_6,10,1844,0.984228,0.992083,0.986657,-0.005631,0.0
IT_02_05,contig_7,10,136,0.925733,0.96215,0.954117,3.314773,0.0
IT_02_05,contig_9,10,334,0.989566,0.994769,0.98769,0.507308,0.0
IT_02_07,Fvb1,10,661143,0.977398,0.988634,0.982641,0.642541,0.0
IT_02_07,Fvb2,10,800559,0.976857,0.988361,0.981856,0.602233,0.0
IT_02_07,Fvb3,10,976875,0.976426,0.988143,0.982081,0.734687,0.0
IT_02_07,Fvb4,10,921330,0.976222,0.988039,0.982373,0.805493,0.0
IT_02_07,Fvb5,10,792433,0.976305,0.988081,0.982288,0.657698,0.0
IT_02_07,Fvb6,10,1039683,0.976837,0.988351,0.98247,0.625957,0.0
IT_02_07,Fvb7,10,618917,0.976707,0.988285,0.982062,0.569625,0.0
IT_02_07,contig_1,10,15207,0.048554,0.220349,0.164628,0.042824,0.0
IT_02_07,contig_10,10,268,0.953585,0.976517,0.950977,0.086634,0.0
IT_02_07,contig_12,10,125,0.938367,0.968693,0.947757,0.670035,0.0
IT_02_07,contig_17,10,1413,0.900912,0.949164,0.911806,7.455206,0.0
IT_02_07,contig_2,10,901,0.772287,0.878799,0.859597,12.384839,0.0
IT_02_07,contig_21,10,804,0.812473,0.901373,0.887245,9.021838,0.0
IT_02_07,contig_22,10,108,0.982814,0.99137,1.001171,0.382857,0.0
IT_02_07,contig_3,10,236,0.843512,0.918429,1.057263,0.15293,0.0
IT_02_07,contig_5,10,1004,0.926429,0.962512,0.954038,3.218212,0.0
IT_02_07,contig_6,10,1575,0.982901,0.991414,0.981717,0.251234,0.0
IT_02_07,contig_7,10,127,0.969564,0.984664,0.98382,0.974128,0.0
IT_02_07,contig_9,10,134,0.984832,0.992387,0.983572,-0.1704,0.0
IT_03_01,Fvb1,10,589323,0.973825,0.986826,0.995267,1.122631,0.0
IT_03_01,Fvb2,10,715620,0.97324,0.98653,0.99602,1.076744,0.0
IT_03_01,Fvb3,10,866782,0.971059,0.985423,0.993731,1.249386,0.0
IT_03_01,Fvb4,10,807332,0.970958,0.985372,0.991914,1.295416,0.0
IT_03_01,Fvb5,10,707663,0.974294,0.987063,0.996126,1.105375,0.0
IT_03_01,Fvb6,10,958048,0.971418,0.985606,0.994414,1.1513,0.0
IT_03_01,Fvb7,10,571674,0.975326,0.987586,0.998028,0.946951,0.0
IT_03_01,contig_1,10,15049,0.00793,0.08905,0.105293,0.11854,0.0
IT_03_01,contig_10,10,201,0.965486,0.982592,0.991816,0.051564,0.0
IT_03_01,contig_12,10,101,0.942262,0.970702,1.025522,0.02584,0.0
IT_03_01,contig_17,10,1136,0.84689,0.920266,0.925638,6.864561,0.0
IT_03_01,contig_2,10,1011,0.918893,0.958589,0.982241,1.794375,0.0
IT_03_01,contig_21,10,865,0.907275,0.95251,0.953931,3.40268,0.0
IT_03_01,contig_22,10,100,0.981518,0.990716,0.977625,-1.154603,0.0
IT_03_01,contig_5,10,940,0.941536,0.970328,0.950233,5.030123,0.0
IT_03_01,contig_6,10,1600,0.982756,0.99134,1.003041,0.201184,0.0
IT_03_01,contig_9,10,119,0.97482,0.98733,0.973565,-1.055225,0.0
IT_03_03,Fvb1,10,614278,0.972116,0.98596,0.988121,0.950634,0.0
IT_03_03,Fvb2,10,725641,0.971175,0.985482,0.989086,0.875386,0.0
IT_03_03,Fvb3,10,900517,0.971187,0.985488,0.987109,0.982646,0.0
IT_03_03,Fvb4,10,851151,0.97212,0.985961,0.986128,1.004048,0.0
IT_03_03,Fvb5,10,732178,0.970974,0.98538,0.988722,0.981377,0.0
IT_03_03,Fvb6,10,986072,0.97176,0.985779,0.988979,0.920293,0.0
IT_03_03,Fvb7,10,581892,0.971286,0.985538,0.989519,0.863439,0.0
IT_03_03,contig_1,10,15460,0.203562,0.451179,0.394973,0.036125,0.0
IT_03_03,contig_10,10,175,0.971082,0.985435,0.933206,-0.720745,0.0
IT_03_03,contig_12,10,104,0.95411,0.976786,0.897841,0.836753,0.0
IT_03_03,contig_17,10,1440,0.847007,0.92033,0.866619,11.775229,0.0
IT_03_03,contig_2,10,930,0.868593,0.931983,0.978796,1.061626,0.0
IT_03_03,contig_21,10,784,0.848339,0.921053,0.937444,4.175862,0.0
IT_03_03,contig_22,10,118,0.950568,0.974971,0.918924,1.385253,0.0
IT_03_03,contig_5,10,947,0.920433,0.959392,0.924088,7.093754,0.0
IT_03_03,contig_6,10,1609,0.984524,0.992232,0.995261,-0.017915,0.0
IT_03_03,contig_7,10,152,0.327222,0.572033,0.950492,-0.328311,0.0
IT_03_03,contig_9,10,223,0.984232,0.992085,0.927678,-0.056931,0.0
IT_03_05,Fvb1,10,561827,0.971832,0.985816,0.994698,1.245898,0.0
IT_03_05,Fvb2,10,651749,0.971104,0.985446,0.994337,1.230159,0.0
IT_03_05,Fvb3,10,850356,0.970569,0.985174,0.993282,1.349833,0.0
IT_03_05,Fvb4,10,831493,0.970332,0.985054,0.992785,1.449803,0.0
IT_03_05,Fvb5,10,670790,0.97146,0.985627,0.994339,1.248494,0.0
IT_03_05,Fvb6,10,886437,0.971315,0.985553,0.994955,1.220557,0.0
IT_03_05,Fvb7,10,529298,0.972428,0.986118,0.995646,1.135125,0.0
IT_03_05,contig_1,10,15203,0.078816,0.280742,0.700835,0.336901,0.0
IT_03_05,contig_10,10,167,0.973602,0.986713,0.984625,1.069746,0.0
IT_03_05,contig_17,10,1594,0.833369,0.91289,0.892079,10.857537,0.0
IT_03_05,contig_2,10,969,0.916964,0.957583,0.953105,5.398683,0.0
IT_03_05,contig_21,10,878,0.896531,0.946853,0.931244,7.329676,0.0
IT_03_05,contig_22,10,115,0.979757,0.989827,0.999421,1.701892,0.0
IT_03_05,contig_3,10,112,0.007103,0.084278,0.141692,0.689056,0.37697813
IT_03_05,contig_5,10,1045,0.90253,0.950016,0.943077,6.173522,0.0
IT_03_05,contig_6,10,1527,0.977674,0.988774,1.006397,0.486319,0.0
IT_03_05,contig_7,10,162,0.913139,0.955583,1.020657,-0.74955,0.0
IT_03_05,contig_9,10,130,0.984807,0.992374,1.014256,-0.902714,0.0
IT_03_06,Fvb1,10,707451,0.978036,0.988957,0.991695,0.665383,0.0
IT_03_06,Fvb2,10,841581,0.97713,0.988499,0.991744,0.627312,0.0
IT_03_06,Fvb3,10,1061484,0.976254,0.988056,0.990727,0.751872,0.0
IT_03_06,Fvb4,10,987820,0.976875,0.98837,0.990335,0.820559,0.0
IT_03_06,Fvb5,10,850259,0.97693,0.988398,0.991385,0.68206,0.0
IT_03_06,Fvb6,10,1117147,0.977502,0.988687,0.991919,0.653631,0.0
IT_03_06,Fvb7,10,673452,0.977421,0.988646,0.991904,0.581802,0.0
IT_03_06,contig_1,10,15466,0.065955,0.256816,0.324322,0.073473,0.0
IT_03_06,contig_10,10,292,0.960333,0.979966,0.958331,-0.132091,0.0
IT_03_06,contig_12,10,121,0.956115,0.977811,0.94814,0.979162,0.0
IT_03_06,contig_17,10,1500,0.925557,0.962058,0.954714,4.293223,0.0
IT_03_06,contig_2,10,997,0.928479,0.963576,0.981988,1.63753,0.0
IT_03_06,contig_21,10,958,0.910336,0.954115,0.959047,3.463017,0.0
IT_03_06,contig_22,10,128,0.980098,0.989999,0.964435,0.948,0.0
IT_03_06,contig_3,10,191,0.847649,0.920679,1.48104,0.035266,0.0
IT_03_06,contig_5,10,604,0.942997,0.971081,0.959024,3.585154,0.0
IT_03_06,contig_6,10,1606,0.982435,0.991178,0.996276,0.331415,0.0
IT_03_06,contig_7,10,247,0.893726,0.945371,0.98705,1.270073,0.0
IT_03_06,contig_9,10,321,0.97262,0.986215,0.980654,-0.377937,0.0
IT_04_01,Fvb1,10,532348,0.970611,0.985196,0.979079,0.589546,0.0
IT_04_01,Fvb2,10,621550,0.96862,0.984185,0.977495,0.560465,0.0
IT_04_01,Fvb3,10,769328,0.96686,0.983291,0.977009,0.751276,0.0
IT_04_01,Fvb4,10,714457,0.970829,0.985307,0.979391,0.699071,0.0
IT_04_01,Fvb5,10,633234,0.9716,0.985698,0.979536,0.529192,0.0
IT_04_01,Fvb6,10,840601,0.969006,0.984381,0.978085,0.566596,0.0
IT_04_01,Fvb7,10,502435,0.969747,0.984757,0.978313,0.515328,0.0
IT_04_01,contig_1,10,15235,0.018523,0.1361,0.100475,0.05313,0.0
IT_04_01,contig_10,10,215,0.972357,0.986082,1.006115,-0.152378,0.0
IT_04_01,contig_12,10,113,0.931865,0.965332,0.922918,0.595342,0.0
IT_04_01,contig_17,10,1515,0.920788,0.959577,0.950799,2.917253,0.0
IT_04_01,contig_2,10,987,0.904587,0.951098,1.026607,-3.936022,0.0
IT_04_01,contig_21,10,662,0.833522,0.912975,0.929945,4.331021,0.0
IT_04_01,contig_22,10,114,0.969586,0.984675,0.959765,-2.075423,0.0
IT_04_01,contig_5,10,828,0.912158,0.95507,0.952233,3.681336,0.0
IT_04_01,contig_6,10,1473,0.975446,0.987647,0.981936,0.119421,0.0
IT_04_01,contig_9,10,330,0.984146,0.992041,0.96724,-0.401196,0.0
IT_04_03,Fvb1,10,709749,0.975826,0.987839,0.996528,0.864618,0.0
IT_04_03,Fvb2,10,832982,0.975741,0.987796,0.997385,0.793277,0.0
IT_04_03,Fvb3,10,1033678,0.974046,0.986938,0.995837,0.978537,0.0
IT_04_03,Fvb4,10,996670,0.974605,0.987221,0.99473,1.028096,0.0
IT_04_03,Fvb5,10,844893,0.975121,0.987482,0.996448,0.871402,0.0
IT_04_03,Fvb6,10,1125508,0.975359,0.987603,0.997133,0.83337,0.0
IT_04_03,Fvb7,10,672484,0.976164,0.98801,0.997491,0.767099,0.0
IT_04_03,contig_1,10,15469,0.15922,0.399024,0.488327,0.084919,0.0
IT_04_03,contig_10,10,279,0.954608,0.97704,0.953314,0.753141,0.0
IT_04_03,contig_12,10,115,0.967258,0.983493,0.975991,-0.300354,0.0
IT_04_03,contig_17,10,1541,0.87386,0.934805,0.923925,6.612592,0.0
IT_04_03,contig_2,10,967,0.82883,0.910401,0.942433,5.232667,0.0
IT_04_03,contig_21,10,807,0.80637,0.897981,0.856602,13.07902,0.0
IT_04_03,contig_22,10,113,0.980016,0.989957,0.954646,2.891297,0.0
IT_04_03,contig_3,10,130,0.673958,0.820949,0.559419,0.381541,0.0
IT_04_03,contig_5,10,628,0.933324,0.966087,0.943223,5.059998,0.0
IT_04_03,contig_6,10,1831,0.984366,0.992152,0.995228,0.101539,0.0
IT_04_03,contig_7,10,147,0.90819,0.95299,0.927123,6.255972,0.0
IT_04_03,contig_9,10,178,0.981792,0.990854,0.989851,-0.396649,0.0
IT_04_05,Fvb1,10,775587,0.979593,0.989744,0.994911,0.617546,0.0
IT_04_05,Fvb2,10,904879,0.980258,0.99008,0.996118,0.523541,0.0
IT_04_05,Fvb3,10,1129864,0.979571,0.989733,0.994684,0.649173,0.0
IT_04_05,Fvb4,10,1084947,0.97788,0.988878,0.993239,0.744426,0.0
IT_04_05,Fvb5,10,911678,0.97981,0.989854,0.995688,0.605292,0.0
IT_04_05,Fvb6,10,1205351,0.980025,0.989962,0.99597,0.576742,0.0
IT_04_05,Fvb7,10,718817,0.979919,0.989909,0.996167,0.542502,0.0
IT_04_05,contig_1,10,15241,0.413288,0.642875,0.624197,0.026761,0.0
IT_04_05,contig_10,10,186,0.983337,0.991634,0.964423,-0.257766,0.0
IT_04_05,contig_12,10,116,0.96212,0.980877,0.963261,2.416941,0.0
IT_04_05,contig_17,10,1621,0.929598,0.964157,0.981272,1.2859,0.0
IT_04_05,contig_2,10,1089,0.920106,0.959222,0.965204,2.897111,0.0
IT_04_05,contig_21,10,898,0.760868,0.872278,0.836118,14.794298,0.0
IT_04_05,contig_22,10,135,0.976864,0.988364,0.985236,-0.133267,0.0
IT_04_05,contig_3,10,117,0.885137,0.940817,0.530541,0.085678,0.0
IT_04_05,contig_5,10,1179,0.93825,0.968633,0.962036,3.878825,0.0
IT_04_05,contig_6,10,1931,0.985125,0.992535,0.997645,0.124957,0.0
IT_04_05,contig_7,10,132,0.58768,0.766603,0.947124,5.344283,0.0
IT_04_05,contig_9,10,433,0.980244,0.990073,0.973362,-0.326031,0.0
IT_04_06,Fvb1,10,346839,0.970583,0.985182,0.995031,0.746443,0.0
IT_04_06,Fvb2,10,399286,0.970586,0.985183,0.996506,0.620897,0.0
IT_04_06,Fvb3,10,508611,0.968798,0.984276,0.994249,0.851515,0.0
IT_04_06,Fvb4,10,478212,0.970257,0.985016,0.993703,0.871227,0.0
IT_04_06,Fvb5,10,408193,0.969584,0.984674,0.996114,0.725134,0.0
IT_04_06,Fvb6,10,544159,0.969704,0.984736,0.996086,0.722384,0.0
IT_04_06,Fvb7,10,325964,0.97038,0.985079,0.997383,0.594339,0.0
IT_04_06,contig_1,10,15237,0.074517,0.272979,0.302575,0.04179,0.0
IT_04_06,contig_10,10,300,0.979754,0.989825,0.975925,0.214906,0.0
IT_04_06,contig_12,10,133,0.963132,0.981393,0.946096,1.493856,0.0
IT_04_06,contig_17,10,1459,0.892384,0.944661,0.923394,6.779656,0.0
IT_04_06,contig_2,10,972,0.882726,0.939535,0.953371,4.307309,0.0
IT_04_06,contig_21,10,456,0.899542,0.948442,0.986867,0.890261,0.0
IT_04_06,contig_22,10,116,0.970332,0.985054,1.011426,-0.885528,0.0
IT_04_06,contig_3,10,108,0.770803,0.877954,0.410946,0.322373,0.0
IT_04_06,contig_5,10,638,0.916782,0.957487,0.965572,3.864437,0.0
IT_04_06,contig_6,10,999,0.984168,0.992052,0.998893,0.042051,0.0
IT_04_06,contig_7,10,194,0.927161,0.962892,0.959261,3.553992,0.0
IT_04_06,contig_9,10,286,0.983314,0.991622,0.980848,0.394669,0.0
IT_05_01,Fvb1,10,716382,0.971662,0.985729,0.984216,0.433927,0.0
IT_05_01,Fvb2,10,864303,0.972005,0.985903,0.984125,0.401354,0.0
IT_05_01,Fvb3,10,1057471,0.970246,0.98501,0.984534,0.538998,0.0
IT_05_01,Fvb4,10,969830,0.971123,0.985456,0.985517,0.577854,0.0
IT_05_01,Fvb5,10,842618,0.971465,0.985629,0.983828,0.423294,0.0
IT_05_01,Fvb6,10,1114994,0.971152,0.985471,0.984079,0.384552,0.0
IT_05_01,Fvb7,10,657346,0.972098,0.98595,0.983815,0.320176,0.0
IT_05_01,contig_1,10,15055,0.049159,0.221718,0.211574,0.037384,0.0
IT_05_01,contig_10,10,265,0.980057,0.989978,1.000527,0.341349,0.0
IT_05_01,contig_12,10,155,0.978228,0.989054,0.994577,0.397745,0.0
IT_05_01,contig_17,10,1610,0.924904,0.961719,0.941164,5.612993,0.0
IT_05_01,contig_2,10,1017,0.903233,0.950386,0.908515,8.637067,0.0
IT_05_01,contig_21,10,870,0.834214,0.913353,0.922101,7.419487,0.0
IT_05_01,contig_22,10,125,0.96767,0.983702,1.01045,-0.031143,0.0
IT_05_01,contig_3,10,293,0.29678,0.544775,0.645974,0.471173,0.0
IT_05_01,contig_5,10,542,0.935573,0.96725,0.979696,0.161023,0.0
IT_05_01,contig_6,10,1455,0.977508,0.98869,0.993997,0.254298,0.0
IT_05_01,contig_7,10,125,0.955749,0.977624,0.994179,0.317636,0.0
IT_05_01,contig_9,10,370,0.988822,0.994396,0.992664,0.53316,0.0
IT_05_03,Fvb1,10,606978,0.975582,0.987716,0.991176,0.672378,0.0
IT_05_03,Fvb2,10,748648,0.975177,0.98751,0.990894,0.61534,0.0
IT_05_03,Fvb3,10,881910,0.973058,0.986437,0.990352,0.784339,0.0
IT_05_03,Fvb4,10,832184,0.97733,0.9886,0.991859,0.75418,0.0
IT_05_03,Fvb5,10,716432,0.974234,0.987033,0.990411,0.670892,0.0
IT_05_03,Fvb6,10,973166,0.977079,0.988473,0.991989,0.577719,0.0
IT_05_03,Fvb7,10,571661,0.976885,0.988375,0.991821,0.525295,0.0
IT_05_03,contig_1,10,15461,0.015578,0.124811,0.136729,0.08946,0.0
IT_05_03,contig_10,10,284,0.971539,0.985667,0.94926,0.786524,0.0
IT_05_03,contig_12,10,107,0.97727,0.988569,1.015313,0.844145,0.0
IT_05_03,contig_17,10,1488,0.926536,0.962567,0.953407,4.481405,0.0
IT_05_03,contig_2,10,965,0.72859,0.853575,0.758137,23.020127,0.0
IT_05_03,contig_21,10,672,0.799706,0.894263,0.932079,6.450478,0.0
IT_05_03,contig_3,10,286,0.042508,0.206175,0.226695,0.518631,0.0004493959
IT_05_03,contig_5,10,302,0.964619,0.98215,0.994562,0.249387,0.0
IT_05_03,contig_6,10,1473,0.974994,0.987418,0.996524,0.263274,0.0
IT_05_03,contig_7,10,126,0.934857,0.96688,0.982503,-0.766599,0.0
IT_05_03,contig_9,10,133,0.98354,0.991736,0.993858,1.275574,0.0
IT_05_05,Fvb1,10,878496,0.982743,0.991334,0.987872,0.28628,0.0
IT_05_05,Fvb2,10,1021753,0.983585,0.991759,0.988591,0.213585,0.0
IT_05_05,Fvb3,10,1317363,0.981809,0.990863,0.987722,0.350067,0.0
IT_05_05,Fvb4,10,1239734,0.981547,0.990731,0.987218,0.387624,0.0
IT_05_05,Fvb5,10,1017751,0.982491,0.991207,0.987783,0.278346,0.0
IT_05_05,Fvb6,10,1377510,0.983706,0.99182,0.988757,0.24704,0.0
IT_05_05,Fvb7,10,801444,0.982173,0.991046,0.987174,0.244682,0.0
IT_05_05,contig_1,10,15473,0.426395,0.652989,0.570585,0.018052,0.0
IT_05_05,contig_10,10,235,0.977393,0.988632,0.969446,0.292057,0.0
IT_05_05,contig_12,10,130,0.980117,0.990009,0.961576,0.390865,0.0
IT_05_05,contig_17,10,1650,0.943965,0.971578,0.952048,3.645106,0.0
IT_05_05,contig_2,10,1065,0.902329,0.94991,0.90956,7.679398,0.0
IT_05_05,contig_21,10,1029,0.897243,0.947229,0.96962,1.434011,0.0
IT_05_05,contig_22,10,170,0.984253,0.992095,0.961819,0.02874,0.0
IT_05_05,contig_3,10,420,0.038744,0.196835,0.193478,0.595362,4.87184e-05
IT_05_05,contig_5,10,624,0.95796,0.978754,0.982389,-0.360024,0.0
IT_05_05,contig_6,10,2141,0.988007,0.993986,0.984159,0.202565,0.0
IT_05_05,contig_7,10,202,0.962585,0.981114,0.988888,-0.008763,0.0
IT_05_05,contig_9,10,355,0.987823,0.993893,0.996693,0.486811,0.0
IT_05_06,Fvb1,10,638915,0.972852,0.986333,0.981299,0.389037,0.0
IT_05_06,Fvb2,10,767568,0.972917,0.986366,0.981305,0.340126,0.0
IT_05_06,Fvb3,10,944239,0.974941,0.987391,0.983291,0.382368,0.0
IT_05_06,Fvb4,10,893029,0.974563,0.987199,0.983598,0.425242,0.0
IT_05_06,Fvb5,10,760364,0.975055,0.987449,0.983602,0.264737,0.0
IT_05_06,Fvb6,10,1018082,0.975415,0.987631,0.983693,0.268007,0.0
IT_05_06,Fvb7,10,592428,0.974269,0.987051,0.981941,0.254132,0.0
IT_05_06,contig_1,10,15466,0.00966,0.098286,0.074964,0.043042,0.0
IT_05_06,contig_10,10,333,0.978953,0.989421,0.996701,0.025479,0.0
IT_05_06,contig_12,10,176,0.977865,0.988871,0.994719,0.455933,0.0
IT_05_06,contig_17,10,1527,0.903976,0.950776,0.923516,6.573224,0.0
IT_05_06,contig_2,10,1007,0.898779,0.948039,0.912304,7.427782,0.0
IT_05_06,contig_21,10,737,0.77335,0.879403,0.832717,14.522469,0.0
IT_05_06,contig_22,10,158,0.982887,0.991406,0.976794,0.732408,0.0
IT_05_06,contig_3,10,219,0.659831,0.8123,0.802263,0.102462,0.0
IT_05_06,contig_5,10,370,0.960747,0.980177,0.987953,-0.720496,0.0
IT_05_06,contig_6,10,1540,0.972908,0.986361,0.994182,0.048249,0.0
IT_05_06,contig_7,10,315,0.970991,0.985389,0.975745,1.591884,0.0
IT_05_06,contig_9,10,219,0.987912,0.993938,0.977497,-0.052456,0.0
IT_06_01,Fvb1,10,506528,0.971427,0.98561,0.980281,0.401245,0.0
IT_06_01,Fvb2,10,616441,0.971538,0.985666,0.979998,0.331427,0.0
IT_06_01,Fvb3,10,735617,0.971242,0.985516,0.980841,0.435453,0.0
IT_06_01,Fvb4,10,697286,0.972465,0.986136,0.982176,0.510905,0.0
IT_06_01,Fvb5,10,594846,0.971649,0.985723,0.980136,0.379848,0.0
IT_06_01,Fvb6,10,811394,0.97221,0.986007,0.980304,0.349242,0.0
IT_06_01,Fvb7,10,483250,0.972168,0.985986,0.980204,0.306381,0.0
IT_06_01,contig_1,10,15236,0.064525,0.254019,0.226544,0.048411,0.0
IT_06_01,contig_10,10,177,0.849693,0.921788,0.827674,0.210272,0.0
IT_06_01,contig_17,10,1480,0.909492,0.953673,0.964586,2.468456,0.0
IT_06_01,contig_2,10,878,0.713246,0.844539,0.787958,19.852483,0.0
IT_06_01,contig_21,10,581,0.727401,0.852878,0.849153,12.618315,0.0
IT_06_01,contig_3,10,203,0.011761,0.108448,0.251801,0.985788,0.12352191
IT_06_01,contig_5,10,221,0.962758,0.981202,0.996673,-0.650577,0.0
IT_06_01,contig_6,10,1249,0.97761,0.988742,0.983231,0.062738,0.0
IT_06_01,contig_7,10,104,0.680706,0.825049,0.991307,-2.626333,0.0
IT_06_01,contig_9,10,161,0.96917,0.984464,0.932512,-0.01833,0.0
IT_06_02,Fvb1,10,858792,0.984637,0.992289,1.004119,0.457589,0.0
IT_06_02,Fvb2,10,1011388,0.984882,0.992412,1.00364,0.452293,0.0
IT_06_02,Fvb3,10,1249469,0.984337,0.992138,1.003862,0.517945,0.0
IT_06_02,Fvb4,10,1180280,0.983684,0.991809,1.003751,0.575337,0.0
IT_06_02,Fvb5,10,992665,0.985048,0.992496,1.004105,0.423609,0.0
IT_06_02,Fvb6,10,1304780,0.983498,0.991715,1.004121,0.416227,0.0
IT_06_02,Fvb7,10,764929,0.985698,0.992823,1.004333,0.344591,0.0
IT_06_02,contig_1,10,15057,0.441149,0.66419,0.924909,0.071134,0.0
IT_06_02,contig_10,10,253,0.974758,0.987299,1.016704,0.723142,0.0
IT_06_02,contig_12,10,170,0.985494,0.992721,1.026825,0.074609,0.0
IT_06_02,contig_17,10,1402,0.906983,0.952357,0.945041,6.022006,0.0
IT_06_02,contig_2,10,1072,0.958558,0.97906,0.961289,4.724446,0.0
IT_06_02,contig_21,10,930,0.877812,0.936916,0.93004,7.202105,0.0
IT_06_02,contig_22,10,145,0.979039,0.989464,1.002316,-0.192698,0.0
IT_06_02,contig_3,10,283,0.631714,0.794804,2.449794,0.002274,0.0
IT_06_02,contig_5,10,522,0.981325,0.990619,0.99932,0.631451,0.0
IT_06_02,contig_6,10,1753,0.990741,0.99536,1.008586,0.103907,0.0
IT_06_02,contig_7,10,176,0.942707,0.970931,1.006479,-0.297326,0.0
IT_06_02,contig_9,10,389,0.988673,0.99432,0.989179,0.043764,0.0
IT_06_04,Fvb1,10,396795,0.970138,0.984956,0.983425,0.593862,0.0
IT_06_04,Fvb2,10,474713,0.969977,0.984874,0.983055,0.537791,0.0
IT_06_04,Fvb3,10,588311,0.969402,0.984582,0.984325,0.655443,0.0
IT_06_04,Fvb4,10,536691,0.969737,0.984752,0.985007,0.721277,0.0
IT_06_04,Fvb5,10,469645,0.96992,0.984845,0.983352,0.56964,0.0
IT_06_04,Fvb6,10,634720,0.970524,0.985152,0.983781,0.515945,0.0
IT_06_04,Fvb7,10,376571,0.969852,0.984811,0.982779,0.453657,0.0
IT_06_04,contig_1,10,15222,0.261703,0.51157,0.857171,0.005383,0.0
IT_06_04,contig_10,10,260,0.974352,0.987093,0.976826,-0.279689,0.0
IT_06_04,contig_12,10,115,0.968725,0.984238,0.998824,-1.199056,0.0
IT_06_04,contig_17,10,1235,0.839664,0.916332,0.907486,8.998847,0.0
IT_06_04,contig_2,10,964,0.831719,0.911986,0.880837,11.492952,0.0
IT_06_04,contig_21,10,439,0.683459,0.826716,0.834308,15.496808,0.0
IT_06_04,contig_22,10,125,0.976122,0.987989,0.938997,1.39617,0.0
IT_06_04,contig_3,10,209,0.834277,0.913388,1.623999,-0.240037,0.0
IT_06_04,contig_5,10,375,0.942349,0.970746,0.975576,1.499601,0.0
IT_06_04,contig_6,10,993,0.970168,0.984971,0.972723,0.296989,0.0
IT_06_04,contig_7,10,121,0.766407,0.875447,0.820761,16.131053,0.0
IT_06_04,contig_9,10,307,0.98712,0.993539,1.01408,-0.545199,0.0
IT_06_06,Fvb1,10,769364,0.97942,0.989657,0.986645,0.438885,0.0
IT_06_06,Fvb2,10,928605,0.978274,0.989077,0.985925,0.458828,0.0
IT_06_06,Fvb3,10,1159832,0.978733,0.989309,0.986609,0.51391,0.0
IT_06_06,Fvb4,10,1113035,0.978583,0.989234,0.985832,0.593684,0.0
IT_06_06,Fvb5,10,898929,0.980127,0.990014,0.987481,0.374542,0.0
IT_06_06,Fvb6,10,1201299,0.978117,0.988998,0.986574,0.430033,0.0
IT_06_06,Fvb7,10,725370,0.980536,0.99022,0.988317,0.327805,0.0
IT_06_06,contig_1,10,15059,0.029786,0.172586,0.189715,0.047234,0.0
IT_06_06,contig_10,10,254,0.949441,0.974393,0.884679,0.378533,0.0
IT_06_06,contig_12,10,147,0.973334,0.986577,0.930308,2.373697,0.0
IT_06_06,contig_14,10,120,0.027189,0.164891,0.150399,81.46027,0.071904376
IT_06_06,contig_17,10,1342,0.881046,0.938641,0.941152,4.23299,0.0
IT_06_06,contig_2,10,1044,0.871979,0.933798,0.846845,13.928293,0.0
IT_06_06,contig_21,10,922,0.858338,0.926465,0.921195,6.799436,0.0
IT_06_06,contig_22,10,139,0.984204,0.99207,0.982035,0.82535,0.0
IT_06_06,contig_3,10,705,0.017222,0.131233,0.162058,0.782399,0.0004768667
IT_06_06,contig_5,10,409,0.95585,0.977676,0.979361,-0.374546,0.0
IT_06_06,contig_6,10,1609,0.979232,0.989562,0.990823,0.018404,0.0
IT_06_06,contig_7,10,201,0.962199,0.980918,0.974639,-0.027353,0.0
IT_06_06,contig_9,10,202,0.985388,0.992667,0.927814,0.723653,0.0
IT_07_02,Fvb1,10,419989,0.972988,0.986401,0.986329,0.875095,0.0
IT_07_02,Fvb2,10,508689,0.972039,0.98592,0.985954,0.814538,0.0
IT_07_02,Fvb3,10,614937,0.971351,0.985571,0.9854,0.956946,0.0
IT_07_02,Fvb4,10,581258,0.972667,0.986239,0.985442,1.018061,0.0
IT_07_02,Fvb5,10,508676,0.971258,0.985524,0.985654,0.88567,0.0
IT_07_02,Fvb6,10,678471,0.971977,0.985889,0.986476,0.828351,0.0
IT_07_02,Fvb7,10,414526,0.972068,0.985935,0.986477,0.78272,0.0
IT_07_02,contig_1,10,15233,0.052912,0.230026,0.243336,0.084957,0.0
IT_07_02,contig_10,10,300,0.96444,0.982059,0.94551,0.340096,0.0
IT_07_02,contig_12,10,135,0.972149,0.985976,0.934476,0.792963,0.0
IT_07_02,contig_17,10,625,0.847014,0.920334,0.9176,7.501845,0.0
IT_07_02,contig_2,10,992,0.89402,0.945526,0.877561,11.78404,0.0
IT_07_02,contig_21,10,430,0.77405,0.879801,0.828013,15.255402,0.0
IT_07_02,contig_22,10,105,0.988298,0.994132,0.992834,-0.636072,0.0
IT_07_02,contig_3,10,167,0.6632,0.814371,0.558324,0.154264,0.0
IT_07_02,contig_5,10,248,0.962952,0.981301,0.97635,1.739453,0.0
IT_07_02,contig_6,10,1078,0.97703,0.988448,0.988906,0.207104,0.0
IT_07_02,contig_7,10,140,0.932592,0.965708,0.935986,4.850533,0.0
IT_07_02,contig_9,10,169,0.988061,0.994013,0.977891,-0.382564,0.0
IT_07_04,Fvb1,10,359388,0.974899,0.98737,0.988271,0.880062,0.0
IT_07_04,Fvb2,10,438034,0.974907,0.987374,0.988256,0.799465,0.0
IT_07_04,Fvb3,10,542199,0.973771,0.986798,0.987338,0.968245,0.0
IT_07_04,Fvb4,10,507490,0.977298,0.988584,0.988898,0.947617,0.0
IT_07_04,Fvb5,10,431539,0.974397,0.987116,0.988156,0.834891,0.0
IT_07_04,Fvb6,10,582290,0.973882,0.986855,0.988455,0.825925,0.0
IT_07_04,Fvb7,10,354194,0.97811,0.988994,0.990818,0.65838,0.0
IT_07_04,contig_1,10,15225,0.033685,0.183534,0.119617,0.048817,0.0
IT_07_04,contig_10,10,300,0.965821,0.982762,0.968759,0.972904,0.0
IT_07_04,contig_12,10,137,0.957424,0.97848,0.948735,0.568123,0.0
IT_07_04,contig_17,10,1352,0.894193,0.945618,0.899965,9.418459,0.0
IT_07_04,contig_2,10,968,0.814013,0.902227,0.830065,15.973658,0.0
IT_07_04,contig_21,10,405,0.902498,0.949999,0.929692,6.515114,0.0
IT_07_04,contig_22,10,121,0.990007,0.994991,0.942463,0.981794,0.0
IT_07_04,contig_3,10,161,0.823304,0.907361,0.631174,0.05357,0.0
IT_07_04,contig_5,10,154,0.956061,0.977784,0.966487,3.71668,0.0
IT_07_04,contig_6,10,1053,0.976601,0.988231,0.977663,0.182097,0.0
IT_07_04,contig_7,10,231,0.960344,0.979971,0.973801,1.651982,0.0
IT_07_04,contig_9,10,190,0.971594,0.985695,0.982424,0.078823,0.0
IT_07_05,Fvb1,10,521261,0.97309,0.986453,0.988308,1.006384,0.0
IT_07_05,Fvb2,10,644748,0.973071,0.986444,0.988531,0.952887,0.0
IT_07_05,Fvb3,10,793300,0.9757,0.987775,0.989725,0.967105,0.0
IT_07_05,Fvb4,10,725316,0.972753,0.986282,0.98741,1.125655,0.0
IT_07_05,Fvb5,10,640635,0.975775,0.987813,0.989948,0.902468,0.0
IT_07_05,Fvb6,10,852820,0.973145,0.986481,0.989299,0.929127,0.0
IT_07_05,Fvb7,10,509567,0.972928,0.986371,0.988646,0.898759,0.0
IT_07_05,contig_1,10,15048,0.019841,0.14086,0.139126,0.079919,0.0
IT_07_05,contig_10,10,290,0.97478,0.987309,0.935935,0.612125,0.0
IT_07_05,contig_12,10,142,0.972564,0.986186,0.987374,0.425254,0.0
IT_07_05,contig_17,10,1539,0.922508,0.960473,0.949145,4.820459,0.0
IT_07_05,contig_2,10,973,0.816473,0.903589,0.880402,10.711363,0.0
IT_07_05,contig_21,10,609,0.750091,0.866078,0.800193,18.374892,0.0
IT_07_05,contig_22,10,140,0.977601,0.988737,0.949943,0.146974,0.0
IT_07_05,contig_3,10,171,0.00953,0.097621,0.340189,1.902278,0.2040017
IT_07_05,contig_5,10,635,0.920259,0.959302,0.926046,7.131485,0.0
IT_07_05,contig_6,10,1254,0.975293,0.987569,0.995533,0.361415,0.0
IT_07_05,contig_7,10,175,0.936073,0.967509,0.984465,-0.015784,0.0
IT_07_05,contig_9,10,252,0.988251,0.994108,0.959445,-0.491868,0.0
IT_07_07,Fvb1,10,623218,0.97496,0.987401,0.987186,0.694811,0.0
IT_07_07,Fvb2,10,746976,0.974173,0.987002,0.986183,0.656156,0.0
IT_07_07,Fvb3,10,931197,0.974186,0.987008,0.986814,0.775294,0.0
IT_07_07,Fvb4,10,864114,0.974423,0.987128,0.987307,0.844817,0.0
IT_07_07,Fvb5,10,744209,0.974133,0.986982,0.986623,0.708014,0.0
IT_07_07,Fvb6,10,995279,0.974938,0.987389,0.987006,0.645625,0.0
IT_07_07,Fvb7,10,604455,0.975561,0.987705,0.986807,0.581553,0.0
IT_07_07,contig_1,10,15238,0.174369,0.417575,0.48021,0.04855,0.0
IT_07_07,contig_10,10,270,0.977481,0.988677,0.9155,0.79048,0.0
IT_07_07,contig_12,10,122,0.935563,0.967245,0.943207,0.573582,0.0
IT_07_07,contig_17,10,1601,0.829972,0.911028,0.907002,7.731606,0.0
IT_07_07,contig_2,10,996,0.806028,0.89779,0.872451,11.485425,0.0
IT_07_07,contig_21,10,713,0.63265,0.795393,0.701636,27.536009,0.0
IT_07_07,contig_3,10,190,0.851865,0.922965,0.419589,0.07409,0.0
IT_07_07,contig_5,10,522,0.923319,0.960895,0.958984,2.303457,0.0
IT_07_07,contig_6,10,1787,0.979152,0.989521,0.986091,0.334353,0.0
IT_07_07,contig_7,10,184,0.933427,0.96614,0.962939,1.740644,0.0
IT_07_07,contig_9,10,195,0.978332,0.989106,0.966889,1.363226,0.0
